# Blocks required to stay BUILT. One row per block; the gate reads this file
# and no other (there is no --baseline <path>, design Constraint 6).
#
#   page <TAB> ordinal <TAB> scaffold <TAB> ref
#
# `ordinal`  the block's 1-based position among that page's C# blocks, as
#            `--list` numbers it. Adding a block above it on the page moves it,
#            and the gate says so -- that is the price of an address a reader
#            can check against the page.
# `scaffold` what the block was compiled with, as `--list-scaffold` names it,
#            or `-` for nothing. The scaffold is part of the claim a row makes.
# `ref`      the commit the block was measured BUILT at.
#
# THE LIST MUST EQUAL THE BUILT SET, in both directions (AC9, P0-4). A row for
# a block that no longer builds, or no longer exists, fails the gate; so does
# a block that builds and has no row. The second is what makes this a ratchet:
# a repair that makes a block build lands its row in the same PR.
#
# Admitted in phase 3 with NO PAGE EDITED: only blocks that build against the
# pin as the page prints them, given their page's scaffold. Blocks that need a
# `using` on the page belong to phase 4 or to backlog item 2.
#
# Phase 4 added the rows at `9c57ae2`: blocks that build because the phase repaired
# the page, each one a defect of claim, and each row landing in the PR that made it build.
#
# Spec 017 adds rows per tranche phase, each at the commit that made the block build:
# the repair (a `using`, a stub, a wrapper change) and its row land in the same PR.
contents/AWSSQSConfiguration.md	1	TransportConfigurationContext.cs	7edaada
contents/AWSSQSConfiguration.md	3	TransportConfigurationContext.cs	7edaada
contents/AWSSQSConfiguration.md	4	TransportConfigurationContext.cs	7edaada
contents/AWSSQSConfiguration.md	5	TransportConfigurationContext.cs	7edaada
contents/AWSSQSConfiguration.md	6	TransportConfigurationContext.cs	7edaada
contents/AWSSQSMigrateToV10.md	1	-	280d1b7
contents/AWSSQSMigrateToV10.md	7	-	280d1b7
contents/AnalyzerSupport.md	1	-	ec38400
contents/AsyncAPISupport.md	5	-	280d1b7
contents/AwsScheduler.md	19	-	280d1b7
contents/AzureScheduler.md	1	AzureSchedulerContext.cs	280d1b7
contents/AzureScheduler.md	17	AzureSchedulerContext.cs	280d1b7
contents/AzureScheduler.md	18	AzureSchedulerContext.cs	9c57ae2
contents/AzureScheduler.md	20	AzureSchedulerContext.cs	280d1b7
contents/AzureScheduler.md	21	AzureSchedulerContext.cs	280d1b7
contents/BoxProvisioning.md	1	-	280d1b7
contents/BoxProvisioningConfiguration.md	1	BoxProvisioningConfigurationContext.cs	24e6e53
contents/BoxProvisioningConfiguration.md	2	BoxProvisioningConfigurationContext.cs	24e6e53
contents/BoxProvisioningConfiguration.md	3	BoxProvisioningConfigurationContext.cs	24e6e53
contents/BoxProvisioningConfiguration.md	4	BoxProvisioningConfigurationContext.cs	24e6e53
contents/BoxProvisioningConfiguration.md	5	BoxProvisioningConfigurationContext.cs	24e6e53
contents/BoxProvisioningConfiguration.md	6	BoxProvisioningConfigurationContext.cs	24e6e53
contents/BoxProvisioningConfiguration.md	7	BoxProvisioningConfigurationContext.cs	24e6e53
contents/BoxProvisioningConfiguration.md	8	BoxProvisioningConfigurationContext.cs	24e6e53
contents/BoxProvisioningConfiguration.md	9	BoxProvisioningConfigurationContext.cs	24e6e53
contents/BuildingAnAsyncPipeline.md	1	-	280d1b7
contents/CQRSWithBrighterAndDarker.md	6	-	9c57ae2
contents/ClaimCheck.md	1	ClaimCheckContext.cs	71d0c60
contents/ClaimCheck.md	2	ClaimCheckContext.cs	71d0c60
contents/ClaimCheck.md	3	ClaimCheckContext.cs	71d0c60
contents/CloudEventsSupport.md	8	-	9c57ae2
contents/CloudEventsSupport.md	10	-	9c57ae2
contents/CommandProcessorConfigurationReference.md	4	-	280d1b7
contents/Compression.md	1	CompressionContext.cs	71d0c60
contents/Compression.md	2	CompressionContext.cs	71d0c60
contents/DapperOutbox.md	1	PageContext.cs	280d1b7
contents/DapperOutbox.md	2	PageContext.cs	a8ede7c
contents/DistributedLock.md	1	-	24e6e53
contents/DynamoOutbox.md	1	DynamoOutboxContext.cs	280d1b7
contents/DynamoOutbox.md	2	DynamoOutboxContext.cs	a8ede7c
contents/DynamoOutbox.md	3	DynamoOutboxContext.cs	a8ede7c
contents/DynamoOutbox.md	4	DynamoOutboxContext.cs	280d1b7
contents/ErrorHandlingOptions.md	1	ErrorHandlingOptionsContext.cs	71d0c60
contents/ErrorHandlingOptions.md	2	ErrorHandlingOptionsContext.cs	71d0c60
contents/ErrorHandlingOptions.md	3	ErrorHandlingOptionsContext.cs	71d0c60
contents/ErrorHandlingOptions.md	4	ErrorHandlingOptionsContext.cs	71d0c60
contents/ErrorHandlingOptions.md	5	ErrorHandlingOptionsContext.cs	71d0c60
contents/ErrorHandlingOptions.md	6	ErrorHandlingOptionsContext.cs	71d0c60
contents/FAQ.md	18	FAQContext.cs	9c57ae2
contents/FAQ.md	19	FAQContext.cs	9c57ae2
contents/FirestoreInbox.md	1	-	280d1b7
contents/FirestoreOutbox.md	1	-	280d1b7
contents/GcpPubSubConfiguration.md	1	TransportConfigurationContext.cs	7edaada
contents/HandlingLargeMessages.md	1	HandlingLargeMessagesContext.cs	71d0c60
contents/HandlingLargeMessages.md	2	HandlingLargeMessagesContext.cs	71d0c60
contents/HandlingLargeMessages.md	4	HandlingLargeMessagesContext.cs	71d0c60
contents/HandlingPoisonMessages.md	1	HandlingPoisonMessagesContext.cs	71d0c60
contents/HandlingPoisonMessages.md	2	HandlingPoisonMessagesContext.cs	71d0c60
contents/HandlingPoisonMessages.md	3	HandlingPoisonMessagesContext.cs	71d0c60
contents/HandlingPoisonMessages.md	4	HandlingPoisonMessagesContext.cs	280d1b7
contents/HandlingPoisonMessages.md	5	HandlingPoisonMessagesContext.cs	280d1b7
contents/HandlingPoisonMessages.md	6	HandlingPoisonMessagesContext.cs	280d1b7
contents/HangfireScheduler.md	24	-	280d1b7
contents/HangfireScheduler.md	28	-	280d1b7
contents/HealthChecks.md	1	HealthChecksContext.cs	51b5fef
contents/HowConfiguringTheCommandProcessorWorks.md	10	HowConfiguringTheCommandProcessorWorksContext.cs	280d1b7
contents/ImplementAQueryHandler.md	1	-	280d1b7
contents/ImplementAQueryHandler.md	2	-	280d1b7
contents/ImplementingAHandler.md	1	-	0363fae
contents/ImplementingAsyncHandler.md	1	-	0363fae
contents/InMemoryScheduler.md	4	-	8090477
contents/InMemoryTransport.md	1	InMemoryTransportContext.cs	7edaada
contents/InMemoryTransport.md	2	InMemoryTransportContext.cs	7edaada
contents/InMemoryTransport.md	3	InMemoryTransportContext.cs	7edaada
contents/InMemoryTransport.md	4	InMemoryTransportContext.cs	7edaada
contents/Logging.md	1	-	280d1b7
contents/Logging.md	2	-	280d1b7
contents/MQTTConfiguration.md	1	TransportConfigurationContext.cs	7edaada
contents/MSSQLMessageBroker.md	1	TransportConfigurationContext.cs	7edaada
contents/MSSQLOutbox.md	1	RelationalOutboxContext.cs	a8ede7c
contents/MSSQLOutbox.md	2	RelationalOutboxContext.cs	a8ede7c
contents/MSSQLOutbox.md	3	RelationalOutboxContext.cs	a8ede7c
contents/MSSQLTransportInboxAndOutbox.md	1	RelationalTransportContext.cs	280d1b7
contents/MSSQLTransportInboxAndOutbox.md	2	RelationalTransportContext.cs	280d1b7
contents/MSSQLTransportInboxAndOutbox.md	3	RelationalTransportContext.cs	280d1b7
contents/MSSQLTransportInboxAndOutbox.md	4	RelationalTransportContext.cs	280d1b7
contents/MSSQLTransportInboxAndOutbox.md	5	RelationalTransportContext.cs	7edaada
contents/MSSQLTransportInboxAndOutbox.md	6	RelationalTransportContext.cs	7edaada
contents/MSSQLTransportInboxAndOutbox.md	7	RelationalTransportContext.cs	280d1b7
contents/MSSQLTransportInboxAndOutbox.md	8	RelationalTransportContext.cs	7edaada
contents/MSSQLTransportInboxAndOutbox.md	9	RelationalTransportContext.cs	7edaada
contents/MSSQLTransportInboxAndOutbox.md	10	RelationalTransportContext.cs	280d1b7
contents/MessageMappers.md	3	MessageMappersContext.cs	280d1b7
contents/MigratingToNullableReferenceTypes.md	1	MigratingToNullableReferenceTypesContext.cs	280d1b7
contents/MigratingToNullableReferenceTypes.md	2	MigratingToNullableReferenceTypesContext.cs	280d1b7
contents/MigratingToNullableReferenceTypes.md	3	MigratingToNullableReferenceTypesContext.cs	280d1b7
contents/MigratingToNullableReferenceTypes.md	5	MigratingToNullableReferenceTypesContext.cs	280d1b7
contents/MigratingToNullableReferenceTypes.md	6	MigratingToNullableReferenceTypesContext.cs	280d1b7
contents/MigratingToNullableReferenceTypes.md	9	MigratingToNullableReferenceTypesContext.cs	280d1b7
contents/MigratingToNullableReferenceTypes.md	10	MigratingToNullableReferenceTypesContext.cs	280d1b7
contents/MigratingToNullableReferenceTypes.md	11	MigratingToNullableReferenceTypesContext.cs	280d1b7
contents/MigratingToNullableReferenceTypes.md	12	MigratingToNullableReferenceTypesContext.cs	280d1b7
contents/MigratingToNullableReferenceTypes.md	13	MigratingToNullableReferenceTypesContext.cs	280d1b7
contents/MigratingToNullableReferenceTypes.md	14	MigratingToNullableReferenceTypesContext.cs	280d1b7
contents/MigratingToNullableReferenceTypes.md	15	MigratingToNullableReferenceTypesContext.cs	280d1b7
contents/MigratingToNullableReferenceTypes.md	16	MigratingToNullableReferenceTypesContext.cs	280d1b7
contents/MigratingToNullableReferenceTypes.md	17	MigratingToNullableReferenceTypesContext.cs	280d1b7
contents/MigratingToNullableReferenceTypes.md	18	MigratingToNullableReferenceTypesContext.cs	280d1b7
contents/MigratingToNullableReferenceTypes.md	19	MigratingToNullableReferenceTypesContext.cs	280d1b7
contents/MigratingToNullableReferenceTypes.md	20	MigratingToNullableReferenceTypesContext.cs	280d1b7
contents/MigratingToPollyV8.md	6	MigratingToPollyV8Context.cs	280d1b7
contents/NullableReferenceTypes.md	8	-	280d1b7
contents/NullableReferenceTypes.md	16	-	280d1b7
contents/PaginationQueryPatterns.md	1	-	280d1b7
contents/ParameterizedQueryPatterns.md	3	DarkerQueryPatternsContext.cs	1cafef9
contents/ParameterizedQueryPatterns.md	5	DarkerQueryPatternsContext.cs	1cafef9
contents/PolicyRetryAndCircuitBreaker.md	16	PolicyRetryAndCircuitBreakerContext.cs	280d1b7
contents/PostgreSQLTransportAndOutbox.md	1	RelationalTransportContext.cs	280d1b7
contents/PostgreSQLTransportAndOutbox.md	2	RelationalTransportContext.cs	280d1b7
contents/PostgreSQLTransportAndOutbox.md	3	RelationalTransportContext.cs	280d1b7
contents/PostgreSQLTransportAndOutbox.md	4	RelationalTransportContext.cs	7edaada
contents/PostgreSQLTransportAndOutbox.md	5	RelationalTransportContext.cs	7edaada
contents/PostgreSQLTransportAndOutbox.md	6	RelationalTransportContext.cs	7edaada
contents/PostgreSQLTransportAndOutbox.md	7	RelationalTransportContext.cs	280d1b7
contents/PostgresOutbox.md	1	RelationalOutboxContext.cs	a8ede7c
contents/PostgresOutbox.md	2	RelationalOutboxContext.cs	a8ede7c
contents/PostgresOutbox.md	3	RelationalOutboxContext.cs	a8ede7c
contents/ProjectionQueryPatterns.md	4	DarkerQueryPatternsContext.cs	1cafef9
contents/QueriesAndQueryObjects.md	1	-	280d1b7
contents/QueriesAndQueryObjects.md	2	-	280d1b7
contents/QueriesAndQueryObjects.md	3	-	280d1b7
contents/QueryObjectValidation.md	1	QueryObjectValidationContext.cs	3462412
contents/QueryObjectValidation.md	2	QueryObjectValidationContext.cs	3462412
contents/QueryObjectValidation.md	3	QueryObjectValidationContext.cs	3462412
contents/QueryPipelinePolicies.md	2	-	3462412
contents/QueryPipelinePolicies.md	3	-	280d1b7
contents/QueryPipelinePolicies.md	4	-	3462412
contents/QueryPipelinePolicies.md	5	-	3462412
contents/QueryPipelinePolicies.md	6	-	3462412
contents/QueryResultTypes.md	1	QueryResultTypesContext.cs	3462412
contents/QueryResultTypes.md	2	QueryResultTypesContext.cs	3462412
contents/QueryResultTypes.md	3	QueryResultTypesContext.cs	3462412
contents/QueryResultTypes.md	4	QueryResultTypesContext.cs	3462412
contents/QueryResultTypes.md	5	QueryResultTypesContext.cs	3462412
contents/QueryResultTypes.md	6	QueryResultTypesContext.cs	3462412
contents/RabbitMQMigrateToQuorumQueues.md	1	-	7edaada
contents/RedisConfiguration.md	1	TransportConfigurationContext.cs	7edaada
contents/RelationalDatabaseConfigurationReference.md	1	RelationalDatabaseConfigurationReferenceContext.cs	51b5fef
contents/RequestValidation.md	1	RequestValidationContext.cs	0363fae
contents/RequestValidation.md	2	RequestValidationContext.cs	0363fae
contents/RequestValidation.md	4	RequestValidationContext.cs	0363fae
contents/RequestValidation.md	6	RequestValidationContext.cs	0363fae
contents/RequestValidation.md	8	RequestValidationContext.cs	0363fae
contents/RequestValidation.md	9	RequestValidationContext.cs	0363fae
contents/RequestValidation.md	11	RequestValidationContext.cs	0363fae
contents/RequestValidation.md	12	RequestValidationContext.cs	0363fae
contents/RequestValidation.md	15	RequestValidationContext.cs	0363fae
contents/RocketMQConfiguration.md	1	TransportConfigurationContext.cs	7edaada
contents/SchedulingAMessage.md	1	SchedulingAMessageContext.cs	3509d3e
contents/SchedulingAMessage.md	2	SchedulingAMessageContext.cs	3509d3e
contents/SchedulingAMessage.md	3	SchedulingAMessageContext.cs	3509d3e
contents/SchedulingAMessage.md	4	SchedulingAMessageContext.cs	3509d3e
contents/SchedulingAMessage.md	5	SchedulingAMessageContext.cs	3509d3e
contents/SchedulingAMessage.md	6	SchedulingAMessageContext.cs	3509d3e
contents/SchedulingAMessage.md	7	SchedulingAMessageContext.cs	3509d3e
contents/SchedulingAMessage.md	8	SchedulingAMessageContext.cs	3509d3e
contents/SchedulingAMessage.md	9	SchedulingAMessageContext.cs	3509d3e
contents/SchedulingAMessage.md	10	SchedulingAMessageContext.cs	3509d3e
contents/SpannerInbox.md	1	-	280d1b7
contents/SpannerInbox.md	2	-	280d1b7
contents/SpannerOutbox.md	1	-	280d1b7
contents/SpannerOutbox.md	2	-	280d1b7
contents/SweeperCircuitBreaking.md	6	SweeperCircuitBreakingContext.cs	a61893b
contents/SweeperCircuitBreaking.md	8	SweeperCircuitBreakingContext.cs	a61893b
contents/SweeperCircuitBreaking.md	9	SweeperCircuitBreakingContext.cs	a61893b
contents/TestingQueryHandlers.md	1	TestingQueryHandlersContext.cs	3462412
contents/TestingQueryHandlers.md	2	TestingQueryHandlersContext.cs	3462412
contents/TestingQueryHandlers.md	3	TestingQueryHandlersContext.cs	3462412
contents/TickerQScheduler.md	1	TickerQSchedulerContext.cs	3509d3e
contents/TickerQScheduler.md	3	TickerQSchedulerContext.cs	bd2b1ed
contents/TickerQScheduler.md	4	TickerQSchedulerContext.cs	3509d3e
contents/TickerQScheduler.md	5	TickerQSchedulerContext.cs	280d1b7
contents/TickerQScheduler.md	6	TickerQSchedulerContext.cs	280d1b7
contents/TickerQScheduler.md	7	TickerQSchedulerContext.cs	3509d3e
contents/TickerQScheduler.md	8	TickerQSchedulerContext.cs	3509d3e
contents/TransactionalMessagingWithTheOutbox.md	1	TransactionalMessagingWithTheOutboxContext.cs	24e6e53
contents/TransactionalMessagingWithTheOutbox.md	2	TransactionalMessagingWithTheOutboxContext.cs	24e6e53
contents/TutorialDurableOutbox.md	2	-	280d1b7
contents/TutorialFirstCommand.md	1	-	280d1b7
contents/TutorialFirstMessage.md	1	-	280d1b7
contents/TutorialStreamingWithKafka.md	1	TutorialStreamingWithKafkaContext.cs	8090477
contents/TutorialStreamingWithKafka.md	2	TutorialStreamingWithKafkaContext.cs	8090477
contents/UsingSweeperCircuitBreaking.md	1	UsingSweeperCircuitBreakingContext.cs	280d1b7
contents/UsingTheContextBag.md	12	-	280d1b7
contents/BrighterBasicConfiguration.md	3	-	a8ede7c
contents/BrighterBasicConfiguration.md	4	-	a8ede7c
contents/DynamoInbox.md	1	DynamoInboxContext.cs	a8ede7c
contents/InMemoryInbox.md	1	InMemoryBoxContext.cs	a8ede7c
contents/InMemoryInbox.md	2	InMemoryBoxContext.cs	a8ede7c
contents/InMemoryOutbox.md	1	InMemoryBoxContext.cs	a8ede7c
contents/InMemoryOutbox.md	2	InMemoryBoxContext.cs	a8ede7c
contents/MSSQLInbox.md	1	RelationalInboxContext.cs	a8ede7c
contents/MySQLInbox.md	1	RelationalInboxContext.cs	a8ede7c
contents/MySQLOutbox.md	1	RelationalOutboxContext.cs	a8ede7c
contents/MySQLOutbox.md	2	RelationalOutboxContext.cs	a8ede7c
contents/MySQLOutbox.md	3	RelationalOutboxContext.cs	a8ede7c
contents/PostgresInbox.md	1	RelationalInboxContext.cs	a8ede7c
contents/SqliteInbox.md	1	RelationalInboxContext.cs	a8ede7c
contents/SqliteOutbox.md	1	RelationalOutboxContext.cs	a8ede7c
contents/SqliteOutbox.md	2	RelationalOutboxContext.cs	a8ede7c
contents/SqliteOutbox.md	3	RelationalOutboxContext.cs	a8ede7c
contents/AzureBlobDistributedLock.md	1	DistributedLockProviderContext.cs	b8f21ac
contents/AzureBlobDistributedLock.md	2	DistributedLockProviderContext.cs	b8f21ac
contents/FirestoreDistributedLock.md	1	DistributedLockProviderContext.cs	b8f21ac
contents/FirestoreDistributedLock.md	2	DistributedLockProviderContext.cs	b8f21ac
contents/MongoDbDistributedLock.md	1	DistributedLockProviderContext.cs	b8f21ac
contents/MongoDbDistributedLock.md	2	DistributedLockProviderContext.cs	b8f21ac
contents/MsSqlDistributedLock.md	1	DistributedLockProviderContext.cs	b8f21ac
contents/MsSqlDistributedLock.md	2	DistributedLockProviderContext.cs	b8f21ac
contents/MySqlDistributedLock.md	1	DistributedLockProviderContext.cs	b8f21ac
contents/MySqlDistributedLock.md	2	DistributedLockProviderContext.cs	b8f21ac
contents/PostgresDistributedLock.md	1	DistributedLockProviderContext.cs	b8f21ac
contents/PostgresDistributedLock.md	2	DistributedLockProviderContext.cs	b8f21ac
contents/AzureBlobArchiveProvider.md	1	-	2defac6
contents/UsingSweeperCircuitBreaking.md	2	UsingSweeperCircuitBreakingContext.cs	2defac6
contents/UsingSweeperCircuitBreaking.md	3	UsingSweeperCircuitBreakingContext.cs	2defac6
contents/UsingSweeperCircuitBreaking.md	4	UsingSweeperCircuitBreakingContext.cs	2defac6
contents/UsingSweeperCircuitBreaking.md	5	UsingSweeperCircuitBreakingContext.cs	2defac6
contents/SweeperCircuitBreaking.md	2	SweeperCircuitBreakingContext.cs	a61893b
contents/SweeperCircuitBreaking.md	7	SweeperCircuitBreakingContext.cs	a61893b
contents/SweeperCircuitBreaking.md	5	SweeperCircuitBreakingContext.cs	a61893b
contents/AggregationQueryPatterns.md	1	DarkerQueryPatternsContext.cs	1cafef9
contents/AggregationQueryPatterns.md	2	DarkerQueryPatternsContext.cs	1cafef9
contents/AggregationQueryPatterns.md	3	DarkerQueryPatternsContext.cs	1cafef9
contents/AgreementDispatcherRouting.md	1	AgreementDispatcherRoutingContext.cs	1cafef9
contents/AgreementDispatcherRouting.md	2	AgreementDispatcherRoutingContext.cs	1cafef9
contents/AgreementDispatcherRouting.md	3	AgreementDispatcherRoutingContext.cs	1cafef9
contents/AgreementDispatcherRouting.md	4	AgreementDispatcherRoutingContext.cs	1cafef9
contents/AgreementDispatcherRouting.md	5	AgreementDispatcherRoutingContext.cs	1cafef9
contents/AgreementDispatcherRouting.md	6	AgreementDispatcherRoutingContext.cs	1cafef9
contents/AgreementDispatcherRouting.md	7	AgreementDispatcherRoutingContext.cs	1cafef9
contents/AgreementDispatcherRouting.md	8	AgreementDispatcherRoutingContext.cs	1cafef9
contents/AgreementDispatcherRouting.md	9	AgreementDispatcherRoutingContext.cs	1cafef9
contents/AgreementDispatcherRouting.md	10	AgreementDispatcherRoutingContext.cs	1cafef9
contents/AgreementDispatcherRouting.md	11	AgreementDispatcherRoutingContext.cs	1cafef9
contents/BuildingAPipeline.md	1	-	1cafef9
contents/CQRSUseCasesAndPatterns.md	1	CQRSUseCasesAndPatternsContext.cs	1cafef9
contents/CQRSUseCasesAndPatterns.md	2	CQRSUseCasesAndPatternsContext.cs	1cafef9
contents/DarkerConfigurationReference.md	3	DarkerConfigurationReferenceContext.cs	1cafef9
contents/DarkerConfigurationReference.md	4	DarkerConfigurationReferenceContext.cs	1cafef9
contents/HowConfiguringTheDispatcherWorks.md	1	HowConfiguringTheDispatcherWorksContext.cs	1cafef9
contents/HowConfiguringTheDispatcherWorks.md	2	HowConfiguringTheDispatcherWorksContext.cs	1cafef9
contents/ParameterizedQueryPatterns.md	1	DarkerQueryPatternsContext.cs	1cafef9
contents/ProjectionQueryPatterns.md	1	DarkerQueryPatternsContext.cs	1cafef9
contents/ProjectionQueryPatterns.md	2	DarkerQueryPatternsContext.cs	1cafef9
contents/QueryHandlerDependencies.md	1	DarkerQueryPatternsContext.cs	1cafef9
contents/QueryHandlerDependencies.md	2	DarkerQueryPatternsContext.cs	1cafef9
contents/QueryHandlerDependencies.md	4	DarkerQueryPatternsContext.cs	1cafef9
contents/QueryPipelinePolicies.md	7	-	1cafef9
contents/HowConfiguringTheDispatcherWorks.md	3	HowConfiguringTheDispatcherWorksContext.cs	f2ce226
contents/Monitoring.md	1	-	f2ce226
contents/Monitoring.md	2	-	f2ce226
contents/BrighterControlAPI.md	1	BrighterControlAPIContext.cs	2d938c8
contents/CloudEventsReference.md	1	CloudEventsReferenceContext.cs	2d938c8
contents/CloudEventsReference.md	2	CloudEventsReferenceContext.cs	2d938c8
contents/CloudEventsReference.md	3	CloudEventsReferenceContext.cs	2d938c8
contents/CloudEventsReference.md	4	CloudEventsReferenceContext.cs	2d938c8
contents/CloudEventsReference.md	5	CloudEventsReferenceContext.cs	2d938c8
contents/NullableReferenceTypes.md	9	-	154f78c
contents/PostgreSQLBrokerTradeOffs.md	1	PostgreSQLMessageBrokerContext.cs	2d938c8
contents/PostgreSQLBrokerTradeOffs.md	2	PostgreSQLMessageBrokerContext.cs	2d938c8
contents/PostgreSQLMessageBroker.md	1	PostgreSQLMessageBrokerContext.cs	2d938c8
contents/PostgreSQLMessageBroker.md	2	PostgreSQLMessageBrokerContext.cs	2d938c8
contents/PostgreSQLMessageBroker.md	3	PostgreSQLMessageBrokerContext.cs	2d938c8
contents/PostgreSQLMessageBroker.md	4	PostgreSQLMessageBrokerContext.cs	2d938c8
contents/PostgreSQLMessageBroker.md	5	PostgreSQLMessageBrokerContext.cs	2d938c8
contents/PostgreSQLMessageBroker.md	6	PostgreSQLMessageBrokerContext.cs	2d938c8
contents/PostgreSQLMessageBroker.md	7	PostgreSQLMessageBrokerContext.cs	2d938c8
contents/PostgreSQLMessageBroker.md	9	PostgreSQLMessageBrokerContext.cs	2d938c8
contents/PostgreSQLMessageBroker.md	10	PostgreSQLMessageBrokerContext.cs	2d938c8
contents/PostgreSQLMessageBroker.md	12	PostgreSQLMessageBrokerContext.cs	2d938c8
contents/PostgreSQLMessageBroker.md	13	PostgreSQLMessageBrokerContext.cs	2d938c8
contents/S3LuggageStore.md	2	S3LuggageStoreContext.cs	154f78c
contents/Telemetry.md	2	TelemetryContext.cs	2d938c8
contents/Telemetry.md	3	TelemetryContext.cs	2d938c8
contents/Telemetry.md	5	TelemetryContext.cs	2d938c8
contents/PostgreSQLMessageBroker.md	11	PostgreSQLMessageBrokerContext.cs	2d938c8
contents/Telemetry.md	4	TelemetryContext.cs	2d938c8
contents/InMemoryScheduler.md	5	-	b4c3ae0
contents/CQRSWithBrighterAndDarker.md	7	-	b4c3ae0
contents/BrighterSchedulerSupport.md	1	-	b4c3ae0
contents/DefaultMessageMappers.md	4	-	b4c3ae0
contents/DefaultMessageMappers.md	5	-	b4c3ae0
