BUILT	contents/AWSSQSConfiguration.md	1	AWSSQSConfiguration_1	0	
FAILED	contents/AWSSQSConfiguration.md	2	AWSSQSConfiguration_2	6	CS0103,CS0246,CS1002
BUILT	contents/AWSSQSConfiguration.md	3	AWSSQSConfiguration_3	0	
BUILT	contents/AWSSQSConfiguration.md	4	AWSSQSConfiguration_4	0	
BUILT	contents/AWSSQSConfiguration.md	5	AWSSQSConfiguration_5	0	
FAILED	contents/AWSSQSConfiguration.md	6	AWSSQSConfiguration_6	8	CS0103,CS0246
FAILED	contents/AWSSQSConfiguration.md	7	AWSSQSConfiguration_7	8	CS0103,CS0246
FAILED	contents/AWSSQSConfiguration.md	8	AWSSQSConfiguration_8	12	CS0103,CS0246
FAILED	contents/AWSSQSConfiguration.md	9	AWSSQSConfiguration_9	8	CS0103,CS0246
FAILED	contents/AWSSQSConfiguration.md	10	AWSSQSConfiguration_10	10	CS0103,CS0246
BUILT	contents/AWSSQSMigrateToV10.md	1	AWSSQSMigrateToV10_1	0	
FAILED	contents/AWSSQSMigrateToV10.md	2	AWSSQSMigrateToV10_2	4	CS0103,CS0246
FAILED	contents/AWSSQSMigrateToV10.md	3	AWSSQSMigrateToV10_3	4	CS0103,CS0246
FAILED	contents/AWSSQSMigrateToV10.md	4	AWSSQSMigrateToV10_4	3	CS0103,CS0246
FAILED	contents/AWSSQSMigrateToV10.md	5	AWSSQSMigrateToV10_5	4	CS0103,CS0128,CS0246
FAILED	contents/AWSSQSMigrateToV10.md	6	AWSSQSMigrateToV10_6	7	CS0103,CS0128,CS0246
BUILT	contents/AWSSQSMigrateToV10.md	7	AWSSQSMigrateToV10_7	0	
FAILED	contents/AggregationQueryPatterns.md	1	AggregationQueryPatterns_1	3	CS0234,CS0246
FAILED	contents/AggregationQueryPatterns.md	2	AggregationQueryPatterns_2	4	CS0103,CS0234,CS0246
FAILED	contents/AggregationQueryPatterns.md	3	AggregationQueryPatterns_3	3	CS0234,CS0246
FAILED	contents/AgreementDispatcher.md	1	AgreementDispatcher_1	7	CS0103,CS0246,CS1001,CS1525,CS8635
FAILED	contents/AgreementDispatcher.md	2	AgreementDispatcher_2	4	CS0103,CS0246
FAILED	contents/AgreementDispatcher.md	3	AgreementDispatcher_3	4	CS0103,CS0246
FAILED	contents/AgreementDispatcher.md	4	AgreementDispatcher_4	4	CS0103,CS0246
FAILED	contents/AgreementDispatcher.md	5	AgreementDispatcher_5	4	CS0103,CS0246
FAILED	contents/AgreementDispatcher.md	6	AgreementDispatcher_6	12	CS0103,CS0246
FAILED	contents/AgreementDispatcher.md	7	AgreementDispatcher_7	1	CS0246
FAILED	contents/AgreementDispatcher.md	8	AgreementDispatcher_8	6	CS0103,CS0246
FAILED	contents/AgreementDispatcher.md	9	AgreementDispatcher_9	5	CS0103,CS0246
FAILED	contents/AgreementDispatcher.md	10	AgreementDispatcher_10	2	CS0103,CS0246
FAILED	contents/AgreementDispatcher.md	11	AgreementDispatcher_11	5	CS0103,CS0246
FAILED	contents/AgreementDispatcher.md	12	AgreementDispatcher_12	9	CS0103,CS0246
FAILED	contents/AgreementDispatcher.md	13	AgreementDispatcher_13	3	CS0103,CS0246
FAILED	contents/AgreementDispatcher.md	14	AgreementDispatcher_14	1	CS0103
FAILED	contents/AgreementDispatcherRouting.md	1	AgreementDispatcherRouting_1	1	CS0103
FAILED	contents/AgreementDispatcherRouting.md	2	AgreementDispatcherRouting_2	1	CS0103
FAILED	contents/AgreementDispatcherRouting.md	3	AgreementDispatcherRouting_3	4	CS0103,CS0246
FAILED	contents/AgreementDispatcherRouting.md	4	AgreementDispatcherRouting_4	7	CS0103,CS0246
FAILED	contents/AgreementDispatcherRouting.md	5	AgreementDispatcherRouting_5	6	CS0103,CS0246
FAILED	contents/AgreementDispatcherRouting.md	6	AgreementDispatcherRouting_6	6	CS0103,CS0246
FAILED	contents/AgreementDispatcherRouting.md	7	AgreementDispatcherRouting_7	6	CS0103,CS0246
FAILED	contents/AgreementDispatcherRouting.md	8	AgreementDispatcherRouting_8	2	CS0103,CS1002
FAILED	contents/AgreementDispatcherRouting.md	9	AgreementDispatcherRouting_9	1	CS0103
FAILED	contents/AgreementDispatcherRouting.md	10	AgreementDispatcherRouting_10	5	CS0103,CS0246
FAILED	contents/AgreementDispatcherRouting.md	11	AgreementDispatcherRouting_11	8	CS0103,CS0246
BUILT	contents/AnalyzerSupport.md	1	AnalyzerSupport_1	0	
BUILT	contents/AnalyzerSupport.md	2	AnalyzerSupport_2	0	
FAILED	contents/AnalyzerSupport.md	3	AnalyzerSupport_3	3	CS0103,CS0246
FAILED	contents/AnalyzerSupport.md	4	AnalyzerSupport_4	3	CS0103,CS0246
FAILED	contents/AnalyzerSupport.md	5	AnalyzerSupport_5	3	CS0103,CS0246
FAILED	contents/AnalyzerSupport.md	6	AnalyzerSupport_6	3	CS0103,CS0246
BUILT	contents/AnalyzerSupport.md	7	AnalyzerSupport_7	0	
FAILED	contents/AnalyzerSupport.md	8	AnalyzerSupport_8	3	CS0103,CS0246
FAILED	contents/AsyncAPISupport.md	1	AsyncAPISupport_1	1	CS0103
FAILED	contents/AsyncAPISupport.md	2	AsyncAPISupport_2	4	CS0103
FAILED	contents/AsyncAPISupport.md	3	AsyncAPISupport_3	9	CS0103,CS0246
FAILED	contents/AsyncAPISupport.md	4	AsyncAPISupport_4	6	CS0103,CS0246
BUILT	contents/AsyncAPISupport.md	5	AsyncAPISupport_5	0	
FAILED	contents/AsyncAPISupport.md	6	AsyncAPISupport_6	3	CS0103,CS1002,CS1513
FAILED	contents/AsyncAPISupport.md	7	AsyncAPISupport_7	3	CS0103,CS1002,CS1513
FAILED	contents/AsyncAPISupport.md	8	AsyncAPISupport_8	5	CS0161,CS0246,CS0535
FAILED	contents/AsyncAPISupport.md	9	AsyncAPISupport_9	4	CS0103,CS0246
FAILED	contents/AsyncAPISupport.md	10	AsyncAPISupport_10	4	CS0103
FAILED	contents/AsyncAPISupport.md	11	AsyncAPISupport_11	4	CS0103,CS0246
FAILED	contents/AsyncAPISupport.md	12	AsyncAPISupport_12	4	CS0103,CS0246
FAILED	contents/AsyncDispatchARequest.md	1	AsyncDispatchARequest_1	6	CS0103,CS0161,CS0246,CS1513
FAILED	contents/AsyncDispatchARequest.md	2	AsyncDispatchARequest_2	2	CS0103,CS0246
FAILED	contents/AsyncDispatchARequest.md	3	AsyncDispatchARequest_3	2	CS0103,CS0246
FAILED	contents/AsyncDispatchARequest.md	4	AsyncDispatchARequest_4	4	CS0103,CS0117
FAILED	contents/AwsScheduler.md	1	AwsScheduler_1	3	CS0103,CS0246
FAILED	contents/AwsScheduler.md	2	AwsScheduler_2	9	CS0103,CS0234,CS0246
FAILED	contents/AwsScheduler.md	3	AwsScheduler_3	20	CS0103,CS0234,CS0246
FAILED	contents/AwsScheduler.md	4	AwsScheduler_4	8	CS0103,CS0246
FAILED	contents/AwsScheduler.md	5	AwsScheduler_5	2	CS0103,CS0246
FAILED	contents/AwsScheduler.md	6	AwsScheduler_6	2	CS0103,CS0246
FAILED	contents/AwsScheduler.md	7	AwsScheduler_7	8	CS0103,CS0161,CS0246
FAILED	contents/AwsScheduler.md	8	AwsScheduler_8	7	CS0103,CS0161,CS0246
FAILED	contents/AwsScheduler.md	9	AwsScheduler_9	4	CS0103
FAILED	contents/AwsScheduler.md	10	AwsScheduler_10	9	CS0103,CS0161,CS0246
FAILED	contents/AwsScheduler.md	11	AwsScheduler_11	2	CS0103,CS0246
FAILED	contents/AwsScheduler.md	12	AwsScheduler_12	2	CS0103,CS0246
FAILED	contents/AwsScheduler.md	13	AwsScheduler_13	13	CS1002,CS1513,CS9176
FAILED	contents/AwsScheduler.md	14	AwsScheduler_14	13	CS1002,CS1513,CS9176
FAILED	contents/AwsScheduler.md	15	AwsScheduler_15	7	CS0103,CS0246
FAILED	contents/AwsScheduler.md	16	AwsScheduler_16	3	CS0103,CS0246
FAILED	contents/AwsScheduler.md	17	AwsScheduler_17	2	CS0103,CS1002
FAILED	contents/AwsScheduler.md	18	AwsScheduler_18	1	CS0103
BUILT	contents/AwsScheduler.md	19	AwsScheduler_19	0	
FAILED	contents/AwsScheduler.md	20	AwsScheduler_20	2	CS0103,CS0246
FAILED	contents/AwsScheduler.md	21	AwsScheduler_21	3	CS0103,CS0246
FAILED	contents/AwsScheduler.md	22	AwsScheduler_22	6	CS0103,CS0246,CS0841
FAILED	contents/AwsScheduler.md	23	AwsScheduler_23	6	CS0103,CS1002
FAILED	contents/AwsScheduler.md	24	AwsScheduler_24	4	CS0103,CS1002
FAILED	contents/AzureBlobArchiveProvider.md	1	AzureBlobArchiveProvider_1	27	CS0103,CS0246,CS0501,CS0747,CS1001,CS1002,CS1003,CS1022,CS1513,CS1519,CS1520,CS8635
FAILED	contents/AzureBlobDistributedLock.md	1	AzureBlobDistributedLock_1	4	CS0246
FAILED	contents/AzureBlobDistributedLock.md	2	AzureBlobDistributedLock_2	2	CS0103,CS1525
BUILT	contents/AzureScheduler.md	1	AzureScheduler_1	0	
FAILED	contents/AzureScheduler.md	2	AzureScheduler_2	1	CS0246
FAILED	contents/AzureScheduler.md	3	AzureScheduler_3	1	CS0246
FAILED	contents/AzureScheduler.md	4	AzureScheduler_4	1	CS0246
FAILED	contents/AzureScheduler.md	5	AzureScheduler_5	4	CS0103,CS0246
FAILED	contents/AzureScheduler.md	6	AzureScheduler_6	12	CS0103,CS0246
FAILED	contents/AzureScheduler.md	7	AzureScheduler_7	3	CS0103,CS0246
FAILED	contents/AzureScheduler.md	8	AzureScheduler_8	4	CS0103,CS0246
FAILED	contents/AzureScheduler.md	9	AzureScheduler_9	8	CS0103,CS0161,CS0246
FAILED	contents/AzureScheduler.md	10	AzureScheduler_10	7	CS0103,CS0161,CS0246
FAILED	contents/AzureScheduler.md	11	AzureScheduler_11	4	CS0103
FAILED	contents/AzureScheduler.md	12	AzureScheduler_12	4	CS0103,CS0246
FAILED	contents/AzureScheduler.md	13	AzureScheduler_13	1	CS0246
FAILED	contents/AzureScheduler.md	14	AzureScheduler_14	1	CS0246
FAILED	contents/AzureScheduler.md	15	AzureScheduler_15	2	CS0246,CS1002
FAILED	contents/AzureScheduler.md	16	AzureScheduler_16	2	CS0246,CS1002
FAILED	contents/AzureScheduler.md	17	AzureScheduler_17	6	CS0103
FAILED	contents/AzureScheduler.md	18	AzureScheduler_18	3	CS0103
FAILED	contents/AzureScheduler.md	19	AzureScheduler_19	3	CS1002,CS1513
BUILT	contents/AzureScheduler.md	20	AzureScheduler_20	0	
BUILT	contents/AzureScheduler.md	21	AzureScheduler_21	0	
FAILED	contents/AzureScheduler.md	22	AzureScheduler_22	5	CS0246
FAILED	contents/AzureScheduler.md	23	AzureScheduler_23	2	CS0103,CS0246
FAILED	contents/AzureScheduler.md	24	AzureScheduler_24	9	CS0103,CS0246,CS1002
FAILED	contents/AzureScheduler.md	25	AzureScheduler_25	5	CS0103,CS0246
FAILED	contents/AzureScheduler.md	26	AzureScheduler_26	13	CS0103,CS0116,CS0161,CS0246,CS1003,CS8635
FAILED	contents/AzureServiceBusConfiguration.md	1	AzureServiceBusConfiguration_1	10	CS0103,CS0246,CS1002,CS1003,CS8635
FAILED	contents/AzureServiceBusConfiguration.md	2	AzureServiceBusConfiguration_2	42	CS0103,CS0246,CS1002,CS1026,CS1513
BUILT	contents/BoxProvisioning.md	1	BoxProvisioning_1	0	
FAILED	contents/BoxProvisioningConfiguration.md	1	BoxProvisioningConfiguration_1	2	CS0103
FAILED	contents/BoxProvisioningConfiguration.md	2	BoxProvisioningConfiguration_2	5	CS0103,CS0246
FAILED	contents/BoxProvisioningConfiguration.md	3	BoxProvisioningConfiguration_3	1	CS0103
FAILED	contents/BoxProvisioningConfiguration.md	4	BoxProvisioningConfiguration_4	1	CS0103
FAILED	contents/BoxProvisioningConfiguration.md	5	BoxProvisioningConfiguration_5	3	CS0103
FAILED	contents/BoxProvisioningConfiguration.md	6	BoxProvisioningConfiguration_6	3	CS0103
FAILED	contents/BoxProvisioningConfiguration.md	7	BoxProvisioningConfiguration_7	3	CS0103
FAILED	contents/BoxProvisioningConfiguration.md	8	BoxProvisioningConfiguration_8	3	CS0103
FAILED	contents/BoxProvisioningConfiguration.md	9	BoxProvisioningConfiguration_9	3	CS0103
FAILED	contents/BrighterBasicConfiguration.md	1	BrighterBasicConfiguration_1	2	CS0103,CS0246
FAILED	contents/BrighterBasicConfiguration.md	2	BrighterBasicConfiguration_2	5	CS0103,CS0234,CS0246
FAILED	contents/BrighterBasicConfiguration.md	3	BrighterBasicConfiguration_3	19	CS0103,CS0246,CS0501,CS1001,CS1002,CS1022,CS1513,CS1519,CS1520,CS8635
FAILED	contents/BrighterBasicConfiguration.md	4	BrighterBasicConfiguration_4	34	CS0103,CS0106,CS0246,CS0501,CS1001,CS1002,CS1022,CS1026,CS1031,CS1513,CS1519,CS1520,CS8124,CS8635,CS8803
FAILED	contents/BrighterBasicConfiguration.md	5	BrighterBasicConfiguration_5	5	CS0103,CS0246
FAILED	contents/BrighterControlAPI.md	1	BrighterControlAPI_1	3	CS0103,CS1002,CS1026
FAILED	contents/BrighterInboxSupport.md	1	BrighterInboxSupport_1	10	CS0103,CS0117,CS0246
FAILED	contents/BrighterInboxSupport.md	2	BrighterInboxSupport_2	9	CS0103,CS0246,CS1002
FAILED	contents/BrighterOutboxSupport.md	1	BrighterOutboxSupport_1	29	CS0103,CS0117,CS0246,CS1520
FAILED	contents/BrighterOutboxSupport.md	2	BrighterOutboxSupport_2	13	CS0103,CS0246,CS1106
FAILED	contents/BrighterSchedulerSupport.md	1	BrighterSchedulerSupport_1	24	CS0246
FAILED	contents/BrighterSchedulerSupport.md	2	BrighterSchedulerSupport_2	10	CS0103,CS0128,CS0246
FAILED	contents/BrighterSchedulerSupport.md	3	BrighterSchedulerSupport_3	8	CS0103,CS0128,CS0246
FAILED	contents/BrighterSchedulerSupport.md	4	BrighterSchedulerSupport_4	5	CS0103,CS0246
FAILED	contents/BrighterSchedulerSupport.md	5	BrighterSchedulerSupport_5	6	CS0103,CS0246,CS1002,CS1513,CS8635
FAILED	contents/BrighterSchedulerSupport.md	6	BrighterSchedulerSupport_6	9	CS0103,CS0246
FAILED	contents/BrighterSchedulerSupport.md	7	BrighterSchedulerSupport_7	7	CS0103,CS0246
FAILED	contents/BuildingAPipeline.md	1	BuildingAPipeline_1	6	CS0103,CS0234,CS0246
FAILED	contents/BuildingAPipeline.md	2	BuildingAPipeline_2	8	CS0103,CS0246
FAILED	contents/BuildingAPipeline.md	3	BuildingAPipeline_3	6	CS0103,CS0246,CS1729
FAILED	contents/BuildingAPipeline.md	4	BuildingAPipeline_4	6	CS0103,CS0246
BUILT	contents/BuildingAnAsyncPipeline.md	1	BuildingAnAsyncPipeline_1	0	
FAILED	contents/BuildingAnAsyncPipeline.md	2	BuildingAnAsyncPipeline_2	13	CS0103,CS0246
FAILED	contents/BuildingAnAsyncPipeline.md	3	BuildingAnAsyncPipeline_3	6	CS0103,CS0246,CS1729
FAILED	contents/CQRSUseCasesAndPatterns.md	1	CQRSUseCasesAndPatterns_1	17	CS0103,CS0246
FAILED	contents/CQRSUseCasesAndPatterns.md	2	CQRSUseCasesAndPatterns_2	21	CS0103,CS0116,CS0246,CS1729
FAILED	contents/CQRSWithBrighterAndDarker.md	1	CQRSWithBrighterAndDarker_1	10	CS0103,CS0111,CS0246
FAILED	contents/CQRSWithBrighterAndDarker.md	2	CQRSWithBrighterAndDarker_2	17	CS0103,CS0246,CS0535
FAILED	contents/CQRSWithBrighterAndDarker.md	3	CQRSWithBrighterAndDarker_3	6	CS0246,CS1739
FAILED	contents/CQRSWithBrighterAndDarker.md	4	CQRSWithBrighterAndDarker_4	6	CS0103,CS0234,CS0246
FAILED	contents/CQRSWithBrighterAndDarker.md	5	CQRSWithBrighterAndDarker_5	3	CS0246
FAILED	contents/CQRSWithBrighterAndDarker.md	6	CQRSWithBrighterAndDarker_6	4	CS0103,CS0246,CS0535,CS0738
FAILED	contents/CQRSWithBrighterAndDarker.md	7	CQRSWithBrighterAndDarker_7	12	CS0103,CS0246,CS7036
FAILED	contents/CQRSWithBrighterAndDarker.md	8	CQRSWithBrighterAndDarker_8	5	CS0246
FAILED	contents/CQRSWithBrighterAndDarker.md	9	CQRSWithBrighterAndDarker_9	10	CS0234,CS0246,CS1739
FAILED	contents/CQRSWithBrighterAndDarker.md	10	CQRSWithBrighterAndDarker_10	9	CS0103,CS0161,CS0246,CS1001,CS1031,CS8635
FAILED	contents/CQRSWithBrighterAndDarker.md	11	CQRSWithBrighterAndDarker_11	9	CS0103,CS0161,CS0246,CS1001,CS1031,CS8635
FAILED	contents/CQRSWithBrighterAndDarker.md	12	CQRSWithBrighterAndDarker_12	10	CS0103,CS0246,CS1001,CS1031,CS8635
FAILED	contents/CausationTrackingStores.md	1	CausationTrackingStores_1	1	CS0117
FAILED	contents/CausationTrackingStores.md	2	CausationTrackingStores_2	18	CS0103,CS0246,CS0535
FAILED	contents/ClaimCheck.md	1	ClaimCheck_1	1	CS0246
FAILED	contents/ClaimCheck.md	2	ClaimCheck_2	2	CS0246
BUILT	contents/ClaimCheck.md	3	ClaimCheck_3	0	
FAILED	contents/CloudEventsReference.md	1	CloudEventsReference_1	5	CS0246
FAILED	contents/CloudEventsReference.md	2	CloudEventsReference_2	5	CS0246
FAILED	contents/CloudEventsReference.md	3	CloudEventsReference_3	5	CS0246
FAILED	contents/CloudEventsReference.md	4	CloudEventsReference_4	5	CS0246
FAILED	contents/CloudEventsSupport.md	1	CloudEventsSupport_1	6	CS0103,CS0246
FAILED	contents/CloudEventsSupport.md	2	CloudEventsSupport_2	6	CS0246
FAILED	contents/CloudEventsSupport.md	3	CloudEventsSupport_3	17	CS0103,CS0246
FAILED	contents/CloudEventsSupport.md	4	CloudEventsSupport_4	6	CS0246,CS1002,CS1525
FAILED	contents/CloudEventsSupport.md	5	CloudEventsSupport_5	4	CS0103,CS0117,CS0246
FAILED	contents/CloudEventsSupport.md	6	CloudEventsSupport_6	20	CS0103,CS0246
FAILED	contents/CloudEventsSupport.md	7	CloudEventsSupport_7	3	CS0103,CS0128
FAILED	contents/CloudEventsSupport.md	8	CloudEventsSupport_8	3	CS0103,CS0128
FAILED	contents/CloudEventsSupport.md	9	CloudEventsSupport_9	9	CS0246,CS0501,CS1002
FAILED	contents/CloudEventsSupport.md	10	CloudEventsSupport_10	9	CS0103,CS0246,CS1002
FAILED	contents/CloudEventsSupport.md	11	CloudEventsSupport_11	9	CS0103,CS0246,CS1002
FAILED	contents/CloudEventsSupport.md	12	CloudEventsSupport_12	10	CS0103,CS0246,CS1002
FAILED	contents/CloudEventsSupport.md	13	CloudEventsSupport_13	2	CS0103,CS0246
FAILED	contents/CommandProcessorConfigurationReference.md	1	CommandProcessorConfigurationReference_1	4	CS0246,CS1002,CS1003,CS8635
FAILED	contents/CommandProcessorConfigurationReference.md	2	CommandProcessorConfigurationReference_2	2	CS0103
FAILED	contents/CommandProcessorConfigurationReference.md	3	CommandProcessorConfigurationReference_3	6	CS0246
BUILT	contents/CommandProcessorConfigurationReference.md	4	CommandProcessorConfigurationReference_4	0	
FAILED	contents/CommandProcessorConfigurationReference.md	5	CommandProcessorConfigurationReference_5	5	CS0103,CS0246,CS1026,CS1513
FAILED	contents/CommandProcessorConfigurationReference.md	6	CommandProcessorConfigurationReference_6	3	CS0246
FAILED	contents/CommandProcessorConfigurationReference.md	7	CommandProcessorConfigurationReference_7	1	CS0246
FAILED	contents/CommandProcessorConfigurationReference.md	8	CommandProcessorConfigurationReference_8	2	CS0246
FAILED	contents/CommandProcessorConfigurationReference.md	9	CommandProcessorConfigurationReference_9	3	CS0246
FAILED	contents/CommandProcessorConfigurationReference.md	10	CommandProcessorConfigurationReference_10	5	CS0103,CS0246
FAILED	contents/CommandProcessorConfigurationReference.md	11	CommandProcessorConfigurationReference_11	14	CS0161,CS0246
FAILED	contents/CommandProcessorConfigurationReference.md	12	CommandProcessorConfigurationReference_12	1	CS0103
FAILED	contents/CommandProcessorConfigurationReference.md	13	CommandProcessorConfigurationReference_13	3	CS0246,CS1003,CS8635
FAILED	contents/CommandProcessorConfigurationReference.md	14	CommandProcessorConfigurationReference_14	4	CS0246,CS1003,CS8635
FAILED	contents/CommandProcessorConfigurationReference.md	15	CommandProcessorConfigurationReference_15	5	CS0246,CS1002,CS1513,CS8635
FAILED	contents/CommandProcessorConfigurationReference.md	16	CommandProcessorConfigurationReference_16	9	CS0103,CS0246
FAILED	contents/CommandProcessorConfigurationReference.md	17	CommandProcessorConfigurationReference_17	6	CS0246,CS1002,CS1003,CS1513,CS8635
FAILED	contents/CommandProcessorConfigurationReference.md	18	CommandProcessorConfigurationReference_18	9	CS0103,CS0246,CS1002,CS1003,CS1513,CS8635
FAILED	contents/CommandProcessorConfigurationReference.md	19	CommandProcessorConfigurationReference_19	8	CS0246,CS1002,CS1003,CS1513,CS8635
FAILED	contents/CommandProcessorConfigurationReference.md	20	CommandProcessorConfigurationReference_20	9	CS0103,CS0246,CS1520
FAILED	contents/CommandProcessorConfigurationReference.md	21	CommandProcessorConfigurationReference_21	3	CS0103,CS1002,CS1513
FAILED	contents/CommandProcessorConfigurationReference.md	22	CommandProcessorConfigurationReference_22	5	CS0103,CS0246
FAILED	contents/Compression.md	1	Compression_1	13	CS0103,CS0246
FAILED	contents/Compression.md	2	Compression_2	8	CS0103,CS0246
FAILED	contents/ConfiguringOpenTelemetry.md	1	ConfiguringOpenTelemetry_1	2	CS0246,CS1061
FAILED	contents/ConfiguringOpenTelemetry.md	2	ConfiguringOpenTelemetry_2	3	CS0103,CS1002,CS1513
FAILED	contents/ConfiguringOpenTelemetry.md	3	ConfiguringOpenTelemetry_3	3	CS0103,CS1002,CS1513
FAILED	contents/ConfiguringOpenTelemetry.md	4	ConfiguringOpenTelemetry_4	3	CS0103,CS1002,CS1513
FAILED	contents/ConfiguringOpenTelemetry.md	5	ConfiguringOpenTelemetry_5	3	CS0103,CS1002,CS1513
FAILED	contents/ConfiguringOpenTelemetry.md	6	ConfiguringOpenTelemetry_6	5	CS0103,CS0246,CS1061
FAILED	contents/ConfiguringOpenTelemetry.md	7	ConfiguringOpenTelemetry_7	5	CS0103,CS0246,CS1061
FAILED	contents/CustomScheduler.md	1	CustomScheduler_1	11	CS0246
FAILED	contents/CustomScheduler.md	2	CustomScheduler_2	6	CS0161,CS0246
FAILED	contents/CustomScheduler.md	3	CustomScheduler_3	13	CS0103,CS0246
FAILED	contents/CustomScheduler.md	4	CustomScheduler_4	6	CS0161,CS0246
BUILT	contents/DapperOutbox.md	1	DapperOutbox_1	0	
FAILED	contents/DapperOutbox.md	2	DapperOutbox_2	12	CS0103,CS0115,CS0117
FAILED	contents/DarkerAndBrighterPipelines.md	1	DarkerAndBrighterPipelines_1	23	CS0246,CS0501,CS1001,CS1002,CS1031,CS8635
FAILED	contents/DarkerBasicConfiguration.md	1	DarkerBasicConfiguration_1	3	CS0103,CS0246
FAILED	contents/DarkerBasicConfiguration.md	2	DarkerBasicConfiguration_2	3	CS0103,CS0246
FAILED	contents/DarkerBasicConfiguration.md	3	DarkerBasicConfiguration_3	2	CS0246
FAILED	contents/DarkerBasicConfiguration.md	4	DarkerBasicConfiguration_4	2	CS0246
FAILED	contents/DarkerBasicConfiguration.md	5	DarkerBasicConfiguration_5	2	CS0029,CS0246
FAILED	contents/DarkerBasicConfiguration.md	6	DarkerBasicConfiguration_6	2	CS0103,CS0246
FAILED	contents/DarkerBasicConfiguration.md	7	DarkerBasicConfiguration_7	2	CS0103,CS0246
FAILED	contents/DarkerBasicConfiguration.md	8	DarkerBasicConfiguration_8	7	CS0103,CS0246
FAILED	contents/DarkerBasicConfiguration.md	9	DarkerBasicConfiguration_9	3	CS0103,CS0246
FAILED	contents/DarkerBasicConfiguration.md	10	DarkerBasicConfiguration_10	5	CS0103,CS0234,CS0246
FAILED	contents/DarkerBasicConfiguration.md	11	DarkerBasicConfiguration_11	5	CS0103,CS0246
FAILED	contents/DarkerConfigurationReference.md	1	DarkerConfigurationReference_1	2	CS0103,CS0246
FAILED	contents/DarkerConfigurationReference.md	2	DarkerConfigurationReference_2	2	CS0103,CS0246
FAILED	contents/DarkerConfigurationReference.md	3	DarkerConfigurationReference_3	5	CS0103,CS0246
FAILED	contents/DarkerConfigurationReference.md	4	DarkerConfigurationReference_4	7	CS0103,CS0246
FAILED	contents/DefaultMessageMappers.md	1	DefaultMessageMappers_1	2	CS0103,CS0246
FAILED	contents/DefaultMessageMappers.md	2	DefaultMessageMappers_2	3	CS0103,CS0246
FAILED	contents/DefaultMessageMappers.md	3	DefaultMessageMappers_3	4	CS0103,CS0246
FAILED	contents/DefaultMessageMappers.md	4	DefaultMessageMappers_4	40	CS0103,CS0116,CS0246,CS1022,CS1519,CS8803
FAILED	contents/DefaultMessageMappers.md	5	DefaultMessageMappers_5	2	CS0103,CS0246
FAILED	contents/DefaultMessageMappers.md	6	DefaultMessageMappers_6	2	CS0103,CS0246
FAILED	contents/DefaultMessageMappers.md	7	DefaultMessageMappers_7	4	CS0103,CS0246
FAILED	contents/DefaultMessageMappers.md	8	DefaultMessageMappers_8	4	CS0103,CS0246
FAILED	contents/DefaultMessageMappers.md	9	DefaultMessageMappers_9	2	CS0103,CS0246
FAILED	contents/DefaultMessageMappers.md	10	DefaultMessageMappers_10	2	CS0103,CS0246
FAILED	contents/DefaultMessageMappers.md	11	DefaultMessageMappers_11	6	CS0246,CS1002
FAILED	contents/DefaultMessageMappers.md	12	DefaultMessageMappers_12	6	CS0161,CS0246
FAILED	contents/DefaultMessageMappers.md	13	DefaultMessageMappers_13	4	CS0103,CS0246
FAILED	contents/DispatcherConfigurationReference.md	1	DispatcherConfigurationReference_1	13	CS0103,CS0246,CS1002,CS1022,CS1026,CS1031,CS1519,CS8124,CS8635
FAILED	contents/DispatcherConfigurationReference.md	2	DispatcherConfigurationReference_2	27	CS0103,CS0246,CS0501,CS1001,CS1002,CS1022,CS1519,CS1520,CS8635
FAILED	contents/DispatcherConfigurationReference.md	3	DispatcherConfigurationReference_3	23	CS0103,CS0246,CS0501,CS1001,CS1002,CS1022,CS1519,CS1520,CS8635
FAILED	contents/DispatcherConfigurationReference.md	4	DispatcherConfigurationReference_4	18	CS0103,CS0246,CS0501,CS1001,CS1002,CS1022,CS1519,CS1520,CS8635
FAILED	contents/DispatcherConfigurationReference.md	5	DispatcherConfigurationReference_5	22	CS0103,CS0246,CS0501,CS1001,CS1002,CS1003,CS1022,CS1026,CS1519,CS1520,CS8635
FAILED	contents/DispatchingARequest.md	1	DispatchingARequest_1	3	CS0103,CS0246
FAILED	contents/DispatchingARequest.md	2	DispatchingARequest_2	14	CS0103,CS0246
FAILED	contents/DispatchingARequest.md	3	DispatchingARequest_3	8	CS0103,CS0161,CS0246
FAILED	contents/DispatchingARequest.md	4	DispatchingARequest_4	6	CS0103,CS0246
FAILED	contents/DispatchingARequest.md	5	DispatchingARequest_5	2	CS0103,CS0246
FAILED	contents/DispatchingARequest.md	6	DispatchingARequest_6	2	CS0103,CS0246
FAILED	contents/DispatchingARequest.md	7	DispatchingARequest_7	2	CS0103,CS0246
FAILED	contents/DispatchingARequest.md	8	DispatchingARequest_8	22	CS0103,CS0117,CS0246
FAILED	contents/DistributedLock.md	1	DistributedLock_1	4	CS0246
FAILED	contents/DistributedLock.md	2	DistributedLock_2	3	CS0103,CS0246
FAILED	contents/DynamicMessageDeserialization.md	1	DynamicMessageDeserialization_1	6	CS0103,CS0246
FAILED	contents/DynamicMessageDeserialization.md	2	DynamicMessageDeserialization_2	6	CS0103,CS0246,CS1525
FAILED	contents/DynamicMessageDeserialization.md	3	DynamicMessageDeserialization_3	3	CS0140,CS1002
FAILED	contents/DynamicMessageDeserialization.md	4	DynamicMessageDeserialization_4	3	CS0140,CS1002
FAILED	contents/DynamicMessageDeserialization.md	5	DynamicMessageDeserialization_5	8	CS0246,CS1002
FAILED	contents/DynamicMessageDeserialization.md	6	DynamicMessageDeserialization_6	2	CS0246
FAILED	contents/DynamicMessageDeserialization.md	7	DynamicMessageDeserialization_7	6	CS0103,CS0246
FAILED	contents/DynamicMessageDeserialization.md	8	DynamicMessageDeserialization_8	1	CS0246
FAILED	contents/DynamicMessageDeserialization.md	9	DynamicMessageDeserialization_9	5	CS0246,CS1525
FAILED	contents/DynamoDbDistributedLock.md	1	DynamoDbDistributedLock_1	3	CS0103,CS0246
FAILED	contents/DynamoDbDistributedLock.md	2	DynamoDbDistributedLock_2	3	CS0103,CS0246
FAILED	contents/DynamoInbox.md	1	DynamoInbox_1	18	CS0103,CS0246,CS0501,CS1001,CS1002,CS1003,CS1022,CS1513,CS1519,CS1520,CS8635
FAILED	contents/DynamoOutbox.md	1	DynamoOutbox_1	2	CS0103
FAILED	contents/DynamoOutbox.md	2	DynamoOutbox_2	14	CS0103,CS0117,CS0246
FAILED	contents/DynamoOutbox.md	3	DynamoOutbox_3	9	CS0103,CS0246
FAILED	contents/DynamoOutbox.md	4	DynamoOutbox_4	1	CS0103
FAILED	contents/EFCoreOutbox.md	1	EFCoreOutbox_1	6	CS0246,CS1002,CS1003,CS1513,CS8635
FAILED	contents/EFCoreOutbox.md	2	EFCoreOutbox_2	17	CS0103,CS0117,CS0246
FAILED	contents/EFCoreQueryIntegration.md	1	EFCoreQueryIntegration_1	15	CS0103,CS0111,CS0115,CS0246,CS8635
FAILED	contents/EFCoreQueryIntegration.md	2	EFCoreQueryIntegration_2	7	CS0103,CS0115,CS0234,CS0246,CS8635
FAILED	contents/EFCoreQueryIntegration.md	3	EFCoreQueryIntegration_3	6	CS0103,CS0115,CS0246,CS8635
FAILED	contents/EFCoreQueryIntegration.md	4	EFCoreQueryIntegration_4	2	CS0103,CS0246
FAILED	contents/EFCoreQueryIntegration.md	5	EFCoreQueryIntegration_5	12	CS0103,CS0234,CS0246
FAILED	contents/ErrorHandlingOptions.md	1	ErrorHandlingOptions_1	9	CS0103,CS0246
FAILED	contents/ErrorHandlingOptions.md	2	ErrorHandlingOptions_2	9	CS0103,CS0246
FAILED	contents/ErrorHandlingOptions.md	3	ErrorHandlingOptions_3	9	CS0103,CS0246
FAILED	contents/ErrorHandlingOptions.md	4	ErrorHandlingOptions_4	4	CS0246
FAILED	contents/ErrorHandlingOptions.md	5	ErrorHandlingOptions_5	10	CS0103,CS0246
FAILED	contents/ErrorHandlingOptions.md	6	ErrorHandlingOptions_6	10	CS0103,CS0246
FAILED	contents/FAQ.md	1	FAQ_1	1	CS0246
FAILED	contents/FAQ.md	2	FAQ_2	7	CS0103,CS0246
FAILED	contents/FAQ.md	3	FAQ_3	7	CS0103,CS1003,CS8635
FAILED	contents/FAQ.md	4	FAQ_4	3	CS0103,CS0246,CS1002
FAILED	contents/FAQ.md	5	FAQ_5	3	CS0103,CS1003,CS8635
FAILED	contents/FAQ.md	6	FAQ_6	5	CS0246,CS1002
FAILED	contents/FAQ.md	7	FAQ_7	8	CS0161,CS0246
FAILED	contents/FAQ.md	8	FAQ_8	14	CS0103,CS0111,CS0117,CS0246
FAILED	contents/FAQ.md	9	FAQ_9	4	CS0103,CS0246
FAILED	contents/FAQ.md	10	FAQ_10	3	CS0103,CS0246
FAILED	contents/FAQ.md	11	FAQ_11	2	CS0103,CS0246
FAILED	contents/FAQ.md	12	FAQ_12	3	CS0103,CS0246
FAILED	contents/FAQ.md	13	FAQ_13	1	CS0103
FAILED	contents/FAQ.md	14	FAQ_14	4	CS0246
FAILED	contents/FAQ.md	15	FAQ_15	4	CS0246
FAILED	contents/FAQ.md	16	FAQ_16	5	CS0103,CS0246
FAILED	contents/FAQ.md	17	FAQ_17	12	CS0103,CS0246,CS1002,CS1513
FAILED	contents/FAQ.md	18	FAQ_18	4	CS0103
FAILED	contents/FAQ.md	19	FAQ_19	5	CS0103
FAILED	contents/FAQ.md	20	FAQ_20	2	CS0246,CS1002
FAILED	contents/FeatureSwitches.md	1	FeatureSwitches_1	7	CS0103,CS0246
FAILED	contents/FeatureSwitches.md	2	FeatureSwitches_2	10	CS0103,CS0246,CS4032
FAILED	contents/FeatureSwitches.md	3	FeatureSwitches_3	7	CS0103,CS0246
FAILED	contents/FeatureSwitches.md	4	FeatureSwitches_4	9	CS0103,CS0246
FAILED	contents/FeatureSwitches.md	5	FeatureSwitches_5	5	CS0103,CS0246
FAILED	contents/FeatureSwitches.md	6	FeatureSwitches_6	12	CS0103,CS0246
FAILED	contents/FeatureSwitches.md	7	FeatureSwitches_7	3	CS0103,CS0246
FAILED	contents/FirestoreDistributedLock.md	1	FirestoreDistributedLock_1	4	CS0103,CS0246
FAILED	contents/FirestoreDistributedLock.md	2	FirestoreDistributedLock_2	5	CS0103,CS0246,CS1525
BUILT	contents/FirestoreInbox.md	1	FirestoreInbox_1	0	
BUILT	contents/FirestoreOutbox.md	1	FirestoreOutbox_1	0	
FAILED	contents/GcpPubSubConfiguration.md	1	GcpPubSubConfiguration_1	3	CS0103,CS0246
FAILED	contents/HandlerFailure.md	1	HandlerFailure_1	7	CS0103,CS0246
FAILED	contents/HandlerFailure.md	2	HandlerFailure_2	9	CS0103,CS0246
FAILED	contents/HandlerFailure.md	3	HandlerFailure_3	8	CS0246
FAILED	contents/HandlerFailure.md	4	HandlerFailure_4	7	CS0246
FAILED	contents/HandlerFailure.md	5	HandlerFailure_5	9	CS0103,CS0246
FAILED	contents/HandlerFailure.md	6	HandlerFailure_6	8	CS0103,CS0246
FAILED	contents/HandlerFailure.md	7	HandlerFailure_7	9	CS0246
FAILED	contents/HandlerFailure.md	8	HandlerFailure_8	9	CS0103,CS0246
FAILED	contents/HandlerFailure.md	9	HandlerFailure_9	13	CS0103,CS0161,CS0246
FAILED	contents/HandlerFailure.md	10	HandlerFailure_10	11	CS0103,CS0246
FAILED	contents/HandlerFailure.md	11	HandlerFailure_11	13	CS0103,CS0246
FAILED	contents/HandlingLargeMessages.md	1	HandlingLargeMessages_1	5	CS0103,CS0246
FAILED	contents/HandlingLargeMessages.md	2	HandlingLargeMessages_2	4	CS0246
FAILED	contents/HandlingLargeMessages.md	3	HandlingLargeMessages_3	2	CS0103,CS0246
FAILED	contents/HandlingLargeMessages.md	4	HandlingLargeMessages_4	3	CS0103
FAILED	contents/HandlingPoisonMessages.md	1	HandlingPoisonMessages_1	1	CS0246
FAILED	contents/HandlingPoisonMessages.md	2	HandlingPoisonMessages_2	3	CS0246
FAILED	contents/HandlingPoisonMessages.md	3	HandlingPoisonMessages_3	2	CS0103,CS0246
FAILED	contents/HandlingPoisonMessages.md	4	HandlingPoisonMessages_4	1	CS0103
FAILED	contents/HandlingPoisonMessages.md	5	HandlingPoisonMessages_5	1	CS0103
FAILED	contents/HandlingPoisonMessages.md	6	HandlingPoisonMessages_6	4	CS0103
FAILED	contents/HangfireScheduler.md	1	HangfireScheduler_1	4	CS0103,CS0234
FAILED	contents/HangfireScheduler.md	2	HangfireScheduler_2	7	CS0103,CS0234,CS0246
FAILED	contents/HangfireScheduler.md	3	HangfireScheduler_3	7	CS0103,CS0234,CS0246
FAILED	contents/HangfireScheduler.md	4	HangfireScheduler_4	2	CS0103,CS0246
FAILED	contents/HangfireScheduler.md	5	HangfireScheduler_5	7	CS0103,CS0234,CS0246
FAILED	contents/HangfireScheduler.md	6	HangfireScheduler_6	2	CS0103,CS0234
FAILED	contents/HangfireScheduler.md	7	HangfireScheduler_7	10	CS0103,CS0234,CS0246
FAILED	contents/HangfireScheduler.md	8	HangfireScheduler_8	6	CS0103,CS0234,CS0246
FAILED	contents/HangfireScheduler.md	9	HangfireScheduler_9	2	CS0103,CS0234
FAILED	contents/HangfireScheduler.md	10	HangfireScheduler_10	1	CS0103
FAILED	contents/HangfireScheduler.md	11	HangfireScheduler_11	22	CS0103,CS0106,CS0116,CS1002,CS1022,CS1026,CS1031,CS1061,CS1520,CS8124,CS8803
FAILED	contents/HangfireScheduler.md	12	HangfireScheduler_12	3	CS0103,CS0246
FAILED	contents/HangfireScheduler.md	13	HangfireScheduler_13	8	CS0103,CS0161,CS0246
FAILED	contents/HangfireScheduler.md	14	HangfireScheduler_14	4	CS0103
FAILED	contents/HangfireScheduler.md	15	HangfireScheduler_15	7	CS0103,CS0161,CS0246
FAILED	contents/HangfireScheduler.md	16	HangfireScheduler_16	7	CS0103,CS1002,CS1513
FAILED	contents/HangfireScheduler.md	17	HangfireScheduler_17	19	CS0106,CS0116,CS0246,CS0535,CS1001,CS1002,CS1003,CS1022,CS1026,CS1031,CS1520,CS8124
FAILED	contents/HangfireScheduler.md	18	HangfireScheduler_18	23	CS0103,CS0116,CS0246,CS1022,CS1026,CS1031,CS8124
FAILED	contents/HangfireScheduler.md	19	HangfireScheduler_19	3	CS0103
FAILED	contents/HangfireScheduler.md	20	HangfireScheduler_20	4	CS0103,CS0246
FAILED	contents/HangfireScheduler.md	21	HangfireScheduler_21	5	CS0103,CS0246,CS1002,CS1513
FAILED	contents/HangfireScheduler.md	22	HangfireScheduler_22	9	CS0103
FAILED	contents/HangfireScheduler.md	23	HangfireScheduler_23	3	CS0103
BUILT	contents/HangfireScheduler.md	24	HangfireScheduler_24	0	
FAILED	contents/HangfireScheduler.md	25	HangfireScheduler_25	3	CS0103,CS0128
FAILED	contents/HangfireScheduler.md	26	HangfireScheduler_26	1	CS0103
FAILED	contents/HangfireScheduler.md	27	HangfireScheduler_27	3	CS0103,CS0246
BUILT	contents/HangfireScheduler.md	28	HangfireScheduler_28	0	
FAILED	contents/HangfireScheduler.md	29	HangfireScheduler_29	4	CS0103,CS0246
FAILED	contents/HealthChecks.md	1	HealthChecks_1	4	CS0103,CS0246
FAILED	contents/HowConfiguringTheCommandProcessorWorks.md	1	HowConfiguringTheCommandProcessorWorks_1	3	CS0246
FAILED	contents/HowConfiguringTheCommandProcessorWorks.md	2	HowConfiguringTheCommandProcessorWorks_2	4	CS0246,CS1002
FAILED	contents/HowConfiguringTheCommandProcessorWorks.md	3	HowConfiguringTheCommandProcessorWorks_3	7	CS0246
FAILED	contents/HowConfiguringTheCommandProcessorWorks.md	4	HowConfiguringTheCommandProcessorWorks_4	4	CS0103
FAILED	contents/HowConfiguringTheCommandProcessorWorks.md	5	HowConfiguringTheCommandProcessorWorks_5	14	CS0103,CS0117,CS0246
FAILED	contents/HowConfiguringTheCommandProcessorWorks.md	6	HowConfiguringTheCommandProcessorWorks_6	9	CS0103,CS0161,CS0246
FAILED	contents/HowConfiguringTheCommandProcessorWorks.md	7	HowConfiguringTheCommandProcessorWorks_7	11	CS0103,CS0246
FAILED	contents/HowConfiguringTheCommandProcessorWorks.md	8	HowConfiguringTheCommandProcessorWorks_8	14	CS0103,CS0117,CS0246
FAILED	contents/HowConfiguringTheCommandProcessorWorks.md	9	HowConfiguringTheCommandProcessorWorks_9	15	CS0103,CS0117,CS0246
FAILED	contents/HowConfiguringTheCommandProcessorWorks.md	10	HowConfiguringTheCommandProcessorWorks_10	3	CS0103
FAILED	contents/HowConfiguringTheDispatcherWorks.md	1	HowConfiguringTheDispatcherWorks_1	4	CS0103,CS0246
FAILED	contents/HowConfiguringTheDispatcherWorks.md	2	HowConfiguringTheDispatcherWorks_2	7	CS0103,CS0246
FAILED	contents/HowConfiguringTheDispatcherWorks.md	3	HowConfiguringTheDispatcherWorks_3	5	CS0246
FAILED	contents/HowServiceActivatorWorks.md	1	HowServiceActivatorWorks_1	8	CS0103,CS0128,CS0246
FAILED	contents/HowServiceActivatorWorks.md	2	HowServiceActivatorWorks_2	3	CS0103
FAILED	contents/HowServiceActivatorWorks.md	3	HowServiceActivatorWorks_3	3	CS0103
FAILED	contents/HowServiceActivatorWorks.md	4	HowServiceActivatorWorks_4	4	CS0103,CS0246
FAILED	contents/HowServiceActivatorWorks.md	5	HowServiceActivatorWorks_5	4	CS0103,CS0246
FAILED	contents/HowServiceActivatorWorks.md	6	HowServiceActivatorWorks_6	4	CS0103
FAILED	contents/HowServiceActivatorWorks.md	7	HowServiceActivatorWorks_7	4	CS0246
FAILED	contents/HowServiceActivatorWorks.md	8	HowServiceActivatorWorks_8	5	CS0103,CS0246
FAILED	contents/HowServiceActivatorWorks.md	9	HowServiceActivatorWorks_9	4	CS0103,CS0246
FAILED	contents/HowServiceActivatorWorks.md	10	HowServiceActivatorWorks_10	3	CS0103,CS0246
FAILED	contents/HowServiceActivatorWorks.md	11	HowServiceActivatorWorks_11	2	CS0103,CS1002
FAILED	contents/HowServiceActivatorWorks.md	12	HowServiceActivatorWorks_12	2	CS0103,CS0246
FAILED	contents/HowServiceActivatorWorks.md	13	HowServiceActivatorWorks_13	6	CS0103,CS0246
FAILED	contents/HowServiceActivatorWorks.md	14	HowServiceActivatorWorks_14	2	CS0103,CS1002
FAILED	contents/HowServiceActivatorWorks.md	15	HowServiceActivatorWorks_15	2	CS0246,CS1002
FAILED	contents/HowServiceActivatorWorks.md	16	HowServiceActivatorWorks_16	8	CS0117,CS0246
FAILED	contents/HowServiceActivatorWorks.md	17	HowServiceActivatorWorks_17	1	CS1002
BUILT	contents/ImplementAQueryHandler.md	1	ImplementAQueryHandler_1	0	
BUILT	contents/ImplementAQueryHandler.md	2	ImplementAQueryHandler_2	0	
FAILED	contents/ImplementAQueryHandler.md	3	ImplementAQueryHandler_3	3	CS0246
FAILED	contents/ImplementAQueryHandler.md	4	ImplementAQueryHandler_4	6	CS0246,CS1002,CS1994
FAILED	contents/ImplementAQueryHandler.md	5	ImplementAQueryHandler_5	5	CS0246
FAILED	contents/ImplementAQueryHandler.md	6	ImplementAQueryHandler_6	4	CS0246
FAILED	contents/ImplementAQueryHandler.md	7	ImplementAQueryHandler_7	4	CS0246
FAILED	contents/ImplementAQueryHandler.md	8	ImplementAQueryHandler_8	4	CS0246,CS0501,CS1002
FAILED	contents/ImplementAQueryHandler.md	9	ImplementAQueryHandler_9	8	CS0246
FAILED	contents/ImplementAQueryHandler.md	10	ImplementAQueryHandler_10	15	CS0101,CS0103,CS0246
FAILED	contents/ImplementAQueryHandler.md	11	ImplementAQueryHandler_11	3	CS0246
FAILED	contents/ImplementAQueryHandler.md	12	ImplementAQueryHandler_12	11	CS0246,CS0535
FAILED	contents/ImplementAQueryHandler.md	13	ImplementAQueryHandler_13	2	CS0103,CS0246
FAILED	contents/ImplementAQueryHandler.md	14	ImplementAQueryHandler_14	4	CS0103,CS0246
FAILED	contents/ImplementAQueryHandler.md	15	ImplementAQueryHandler_15	10	CS0103,CS0246
FAILED	contents/ImplementAQueryHandler.md	16	ImplementAQueryHandler_16	6	CS0103,CS0246
FAILED	contents/ImplementAQueryHandler.md	17	ImplementAQueryHandler_17	9	CS0103,CS0246
FAILED	contents/ImplementAQueryHandler.md	18	ImplementAQueryHandler_18	10	CS0103,CS0246
FAILED	contents/ImplementAQueryHandler.md	19	ImplementAQueryHandler_19	8	CS0103,CS0246
FAILED	contents/ImplementAQueryHandler.md	20	ImplementAQueryHandler_20	9	CS0103,CS0246
FAILED	contents/ImplementAQueryHandler.md	21	ImplementAQueryHandler_21	4	CS0246,CS1729
FAILED	contents/ImplementAQueryHandler.md	22	ImplementAQueryHandler_22	12	CS0103,CS0246
FAILED	contents/ImplementingAHandler.md	1	ImplementingAHandler_1	3	CS0103,CS0246,CS1729
FAILED	contents/ImplementingAHandler.md	2	ImplementingAHandler_2	5	CS0103,CS0246
FAILED	contents/ImplementingAsyncHandler.md	1	ImplementingAsyncHandler_1	4	CS0103,CS0246,CS1729
FAILED	contents/ImplementingAsyncHandler.md	2	ImplementingAsyncHandler_2	9	CS0103,CS0246
FAILED	contents/ImplementingExternalBus.md	1	ImplementingExternalBus_1	7	CS0103,CS0246
FAILED	contents/ImplementingExternalBus.md	2	ImplementingExternalBus_2	13	CS0103,CS0246
FAILED	contents/ImplementingExternalBus.md	3	ImplementingExternalBus_3	23	CS0103,CS0246,CS1729
FAILED	contents/InMemoryInbox.md	1	InMemoryInbox_1	2	CS0103,CS0246
FAILED	contents/InMemoryInbox.md	2	InMemoryInbox_2	11	CS0246
FAILED	contents/InMemoryOptions.md	1	InMemoryOptions_1	4	CS0246
FAILED	contents/InMemoryOptions.md	2	InMemoryOptions_2	30	CS0103,CS0106,CS0111,CS0161,CS0246,CS1519,CS1520,CS7036
FAILED	contents/InMemoryOptions.md	3	InMemoryOptions_3	13	CS0103,CS0246,CS0308
FAILED	contents/InMemoryOutbox.md	1	InMemoryOutbox_1	2	CS0103,CS1525
FAILED	contents/InMemoryOutbox.md	2	InMemoryOutbox_2	13	CS0246
FAILED	contents/InMemoryScheduler.md	1	InMemoryScheduler_1	15	CS0103,CS0161,CS0246,CS1002,CS1513,CS1525,CS8635
FAILED	contents/InMemoryScheduler.md	2	InMemoryScheduler_2	6	CS0103,CS0161,CS0246
FAILED	contents/InMemoryScheduler.md	3	InMemoryScheduler_3	3	CS0103
FAILED	contents/InMemoryScheduler.md	4	InMemoryScheduler_4	2	CS0246,CS0311
FAILED	contents/InMemoryScheduler.md	5	InMemoryScheduler_5	17	CS0103,CS0116,CS0246,CS1022,CS1026,CS8124,CS8635,CS8803
FAILED	contents/InMemoryScheduler.md	6	InMemoryScheduler_6	8	CS0103,CS0161,CS0246
FAILED	contents/InMemoryScheduler.md	7	InMemoryScheduler_7	7	CS0103,CS0161,CS0246
FAILED	contents/InMemoryScheduler.md	8	InMemoryScheduler_8	4	CS0103
FAILED	contents/InMemoryScheduler.md	9	InMemoryScheduler_9	12	CS0103,CS0246
FAILED	contents/InMemoryScheduler.md	10	InMemoryScheduler_10	4	CS0103,CS0246
FAILED	contents/InMemoryScheduler.md	11	InMemoryScheduler_11	2	CS0103,CS0246
FAILED	contents/InMemoryScheduler.md	12	InMemoryScheduler_12	2	CS0103,CS0246
FAILED	contents/InMemoryScheduler.md	13	InMemoryScheduler_13	6	CS0103
FAILED	contents/InMemoryScheduler.md	14	InMemoryScheduler_14	12	CS0103,CS0161,CS0246
FAILED	contents/InMemoryScheduler.md	15	InMemoryScheduler_15	6	CS0103,CS0246
FAILED	contents/InMemoryScheduler.md	16	InMemoryScheduler_16	9	CS0103,CS0246
FAILED	contents/InMemoryTransport.md	1	InMemoryTransport_1	1	CS0246
FAILED	contents/InMemoryTransport.md	2	InMemoryTransport_2	3	CS0103
FAILED	contents/InMemoryTransport.md	3	InMemoryTransport_3	4	CS0103,CS0246
FAILED	contents/InMemoryTransport.md	4	InMemoryTransport_4	3	CS0246
FAILED	contents/KafkaConfiguration.md	1	KafkaConfiguration_1	8	CS0103,CS1002,CS1003,CS1513,CS8635
FAILED	contents/KafkaConfiguration.md	2	KafkaConfiguration_2	9	CS0103,CS1002,CS1003,CS1513,CS8635
FAILED	contents/KafkaConfiguration.md	3	KafkaConfiguration_3	6	CS0103,CS1002,CS1003,CS8635
FAILED	contents/KafkaConfiguration.md	4	KafkaConfiguration_4	8	CS0103,CS0161,CS0246,CS1002,CS1513,CS8635
FAILED	contents/KafkaConfiguration.md	5	KafkaConfiguration_5	6	CS0103,CS0246,CS1002
FAILED	contents/KafkaConfiguration.md	6	KafkaConfiguration_6	10	CS0103,CS0246,CS1002,CS1003,CS8635
FAILED	contents/KafkaConfiguration.md	7	KafkaConfiguration_7	17	CS0103,CS0246,CS1003,CS8635
FAILED	contents/KafkaConfiguration.md	8	KafkaConfiguration_8	15	CS0103,CS0246,CS1003,CS8635
FAILED	contents/KafkaConfiguration.md	9	KafkaConfiguration_9	1	CS1002
FAILED	contents/KafkaConfiguration.md	10	KafkaConfiguration_10	1	CS1002
FAILED	contents/KafkaConfiguration.md	11	KafkaConfiguration_11	1	CS1002
FAILED	contents/KafkaConfiguration.md	12	KafkaConfiguration_12	1	CS1002
FAILED	contents/KafkaConfiguration.md	13	KafkaConfiguration_13	1	CS1002
FAILED	contents/KafkaConfiguration.md	14	KafkaConfiguration_14	8	CS0103,CS0246
FAILED	contents/KafkaConfiguration.md	15	KafkaConfiguration_15	4	CS0103,CS0246
FAILED	contents/KafkaConfiguration.md	16	KafkaConfiguration_16	10	CS0103,CS0246
FAILED	contents/KafkaConfiguration.md	17	KafkaConfiguration_17	7	CS0103,CS0246
FAILED	contents/KafkaConfiguration.md	18	KafkaConfiguration_18	1	CS1002
FAILED	contents/KafkaConfiguration.md	19	KafkaConfiguration_19	4	CS0103,CS0246
FAILED	contents/KafkaConfiguration.md	20	KafkaConfiguration_20	21	CS0103,CS0246
BUILT	contents/Logging.md	1	Logging_1	0	
BUILT	contents/Logging.md	2	Logging_2	0	
FAILED	contents/Logging.md	3	Logging_3	2	CS0103,CS0246
FAILED	contents/Logging.md	4	Logging_4	1	CS1061
FAILED	contents/Logging.md	5	Logging_5	2	CS0246,CS8795
FAILED	contents/MQTTConfiguration.md	1	MQTTConfiguration_1	3	CS0103,CS0246
FAILED	contents/MSSQLInbox.md	1	MSSQLInbox_1	20	CS0103,CS0246,CS0501,CS1001,CS1002,CS1022,CS1513,CS1519,CS1520,CS8635
FAILED	contents/MSSQLMessageBroker.md	1	MSSQLMessageBroker_1	3	CS0103,CS0246
BUILT	contents/MSSQLOutbox.md	1	MSSQLOutbox_1	0	
FAILED	contents/MSSQLOutbox.md	2	MSSQLOutbox_2	3	CS0103,CS0246
FAILED	contents/MSSQLOutbox.md	3	MSSQLOutbox_3	7	CS0116,CS0246,CS1729
BUILT	contents/MSSQLTransportInboxAndOutbox.md	1	MSSQLTransportInboxAndOutbox_1	0	
BUILT	contents/MSSQLTransportInboxAndOutbox.md	2	MSSQLTransportInboxAndOutbox_2	0	
BUILT	contents/MSSQLTransportInboxAndOutbox.md	3	MSSQLTransportInboxAndOutbox_3	0	
FAILED	contents/MSSQLTransportInboxAndOutbox.md	4	MSSQLTransportInboxAndOutbox_4	2	CS0103
FAILED	contents/MSSQLTransportInboxAndOutbox.md	5	MSSQLTransportInboxAndOutbox_5	4	CS0103,CS0246
FAILED	contents/MSSQLTransportInboxAndOutbox.md	6	MSSQLTransportInboxAndOutbox_6	4	CS0103,CS0246
FAILED	contents/MSSQLTransportInboxAndOutbox.md	7	MSSQLTransportInboxAndOutbox_7	4	CS0103
FAILED	contents/MSSQLTransportInboxAndOutbox.md	8	MSSQLTransportInboxAndOutbox_8	3	CS0246
FAILED	contents/MSSQLTransportInboxAndOutbox.md	9	MSSQLTransportInboxAndOutbox_9	4	CS0246
FAILED	contents/MSSQLTransportInboxAndOutbox.md	10	MSSQLTransportInboxAndOutbox_10	3	CS0103
FAILED	contents/MessageMappers.md	1	MessageMappers_1	4	CS0246
FAILED	contents/MessageMappers.md	2	MessageMappers_2	5	CS0103,CS0246,CS1513,CS1520
FAILED	contents/MessageMappers.md	3	MessageMappers_3	1	CS0103
FAILED	contents/MessageMappers.md	4	MessageMappers_4	14	CS0103,CS0106,CS0161,CS0246,CS1001,CS1513,CS1520
FAILED	contents/MessageMappers.md	5	MessageMappers_5	16	CS0103,CS0246
FAILED	contents/MessageMappers.md	6	MessageMappers_6	5	CS0103,CS0246
FAILED	contents/MessageTransforms.md	1	MessageTransforms_1	9	CS0246
FAILED	contents/MessageTransforms.md	2	MessageTransforms_2	11	CS0103,CS0246
FAILED	contents/MessageTransforms.md	3	MessageTransforms_3	7	CS0103,CS0246
FAILED	contents/MessageTransforms.md	4	MessageTransforms_4	3	CS0246,CS1513
FAILED	contents/MessageTransforms.md	5	MessageTransforms_5	4	CS0246,CS1729
FAILED	contents/MessageTransforms.md	6	MessageTransforms_6	21	CS0103,CS0246
FAILED	contents/MessageTransforms.md	7	MessageTransforms_7	22	CS0103,CS0246
FAILED	contents/MessageTransforms.md	8	MessageTransforms_8	30	CS0103,CS0246
BUILT	contents/MigratingToNullableReferenceTypes.md	1	MigratingToNullableReferenceTypes_1	0	
BUILT	contents/MigratingToNullableReferenceTypes.md	2	MigratingToNullableReferenceTypes_2	0	
BUILT	contents/MigratingToNullableReferenceTypes.md	3	MigratingToNullableReferenceTypes_3	0	
FAILED	contents/MigratingToNullableReferenceTypes.md	4	MigratingToNullableReferenceTypes_4	3	CS0116,CS0246,CS0825
BUILT	contents/MigratingToNullableReferenceTypes.md	5	MigratingToNullableReferenceTypes_5	0	
BUILT	contents/MigratingToNullableReferenceTypes.md	6	MigratingToNullableReferenceTypes_6	0	
FAILED	contents/MigratingToNullableReferenceTypes.md	7	MigratingToNullableReferenceTypes_7	2	CS0246,CS0825
FAILED	contents/MigratingToNullableReferenceTypes.md	8	MigratingToNullableReferenceTypes_8	1	CS0103
FAILED	contents/MigratingToNullableReferenceTypes.md	9	MigratingToNullableReferenceTypes_9	2	CS0103
FAILED	contents/MigratingToNullableReferenceTypes.md	10	MigratingToNullableReferenceTypes_10	1	CS0103
FAILED	contents/MigratingToNullableReferenceTypes.md	11	MigratingToNullableReferenceTypes_11	1	CS0103
FAILED	contents/MigratingToNullableReferenceTypes.md	12	MigratingToNullableReferenceTypes_12	1	CS0103
BUILT	contents/MigratingToNullableReferenceTypes.md	13	MigratingToNullableReferenceTypes_13	0	
BUILT	contents/MigratingToNullableReferenceTypes.md	14	MigratingToNullableReferenceTypes_14	0	
BUILT	contents/MigratingToNullableReferenceTypes.md	15	MigratingToNullableReferenceTypes_15	0	
BUILT	contents/MigratingToNullableReferenceTypes.md	16	MigratingToNullableReferenceTypes_16	0	
BUILT	contents/MigratingToNullableReferenceTypes.md	17	MigratingToNullableReferenceTypes_17	0	
BUILT	contents/MigratingToNullableReferenceTypes.md	18	MigratingToNullableReferenceTypes_18	0	
BUILT	contents/MigratingToNullableReferenceTypes.md	19	MigratingToNullableReferenceTypes_19	0	
BUILT	contents/MigratingToNullableReferenceTypes.md	20	MigratingToNullableReferenceTypes_20	0	
FAILED	contents/MigratingToNullableReferenceTypes.md	21	MigratingToNullableReferenceTypes_21	8	CS0246
FAILED	contents/MigratingToNullableReferenceTypes.md	22	MigratingToNullableReferenceTypes_22	9	CS0103,CS0246
FAILED	contents/MigratingToPollyV8.md	1	MigratingToPollyV8_1	6	CS0103,CS0246,CS1061
FAILED	contents/MigratingToPollyV8.md	2	MigratingToPollyV8_2	1	CS0246
FAILED	contents/MigratingToPollyV8.md	3	MigratingToPollyV8_3	9	CS0161,CS0246
FAILED	contents/MigratingToPollyV8.md	4	MigratingToPollyV8_4	9	CS0161,CS0246
FAILED	contents/MigratingToPollyV8.md	5	MigratingToPollyV8_5	2	CS0103
FAILED	contents/MigratingToPollyV8.md	6	MigratingToPollyV8_6	3	CS0103
FAILED	contents/MigratingToPollyV8.md	7	MigratingToPollyV8_7	7	CS0161,CS0246
FAILED	contents/MigratingToPollyV8.md	8	MigratingToPollyV8_8	6	CS0103,CS0246,CS1061
FAILED	contents/MigratingToPollyV8.md	9	MigratingToPollyV8_9	5	CS0103,CS0246
FAILED	contents/MigratingToPollyV8.md	10	MigratingToPollyV8_10	7	CS0161,CS0246
FAILED	contents/MigratingToPollyV8.md	11	MigratingToPollyV8_11	15	CS0103,CS0246
FAILED	contents/MigratingToPollyV8.md	12	MigratingToPollyV8_12	16	CS0103,CS0246
FAILED	contents/MongoDBInbox.md	1	MongoDBInbox_1	8	CS0103,CS0246
FAILED	contents/MongoDBInbox.md	2	MongoDBInbox_2	13	CS0103,CS0246
FAILED	contents/MongoDBInbox.md	3	MongoDBInbox_3	6	CS0103,CS0246
FAILED	contents/MongoDBInbox.md	4	MongoDBInbox_4	4	CS0103,CS0246,CS1002
FAILED	contents/MongoDBOutbox.md	1	MongoDBOutbox_1	5	CS0103,CS0246
FAILED	contents/MongoDBOutbox.md	2	MongoDBOutbox_2	12	CS0103,CS0246
FAILED	contents/MongoDBOutbox.md	3	MongoDBOutbox_3	5	CS0103,CS0246
FAILED	contents/MongoDBOutbox.md	4	MongoDBOutbox_4	4	CS0103,CS0246,CS1002
FAILED	contents/MongoDBOutbox.md	5	MongoDBOutbox_5	18	CS0246
FAILED	contents/MongoDbDistributedLock.md	1	MongoDbDistributedLock_1	4	CS0103,CS0246
FAILED	contents/MongoDbDistributedLock.md	2	MongoDbDistributedLock_2	5	CS0103,CS0246,CS1525
FAILED	contents/Monitoring.md	1	Monitoring_1	3	CS1002,CS1525,CS7014
FAILED	contents/Monitoring.md	2	Monitoring_2	5	CS0103,CS0246,CS1002
FAILED	contents/MsSqlDistributedLock.md	1	MsSqlDistributedLock_1	3	CS0246
FAILED	contents/MsSqlDistributedLock.md	2	MsSqlDistributedLock_2	3	CS0103,CS0246,CS1525
FAILED	contents/MySQLInbox.md	1	MySQLInbox_1	20	CS0103,CS0246,CS0501,CS1001,CS1002,CS1022,CS1513,CS1519,CS1520,CS8635
FAILED	contents/MySQLOutbox.md	1	MySQLOutbox_1	2	CS0103
FAILED	contents/MySQLOutbox.md	2	MySQLOutbox_2	3	CS0103,CS0246
FAILED	contents/MySQLOutbox.md	3	MySQLOutbox_3	8	CS0246,CS1002,CS1729,CS8635
FAILED	contents/MySqlDistributedLock.md	1	MySqlDistributedLock_1	3	CS0246
FAILED	contents/MySqlDistributedLock.md	2	MySqlDistributedLock_2	3	CS0103,CS0246,CS1525
FAILED	contents/NullableReferenceTypes.md	1	NullableReferenceTypes_1	1	CS0128
FAILED	contents/NullableReferenceTypes.md	2	NullableReferenceTypes_2	1	CS0103
FAILED	contents/NullableReferenceTypes.md	3	NullableReferenceTypes_3	5	CS0103,CS0246,CS1729
FAILED	contents/NullableReferenceTypes.md	4	NullableReferenceTypes_4	9	CS0246
FAILED	contents/NullableReferenceTypes.md	5	NullableReferenceTypes_5	16	CS0103,CS0246
FAILED	contents/NullableReferenceTypes.md	6	NullableReferenceTypes_6	6	CS0103,CS0246,CS1729
FAILED	contents/NullableReferenceTypes.md	7	NullableReferenceTypes_7	11	CS0103,CS0246
BUILT	contents/NullableReferenceTypes.md	8	NullableReferenceTypes_8	0	
FAILED	contents/NullableReferenceTypes.md	9	NullableReferenceTypes_9	2	CS0246
FAILED	contents/NullableReferenceTypes.md	10	NullableReferenceTypes_10	5	CS0103,CS0128,CS0246
FAILED	contents/NullableReferenceTypes.md	11	NullableReferenceTypes_11	7	CS0103,CS0128
FAILED	contents/NullableReferenceTypes.md	12	NullableReferenceTypes_12	2	CS0116,CS0825
FAILED	contents/NullableReferenceTypes.md	13	NullableReferenceTypes_13	6	CS0103,CS0246,CS1729
FAILED	contents/NullableReferenceTypes.md	14	NullableReferenceTypes_14	7	CS0103,CS0246,CS1729
FAILED	contents/NullableReferenceTypes.md	15	NullableReferenceTypes_15	9	CS0246
BUILT	contents/NullableReferenceTypes.md	16	NullableReferenceTypes_16	0	
FAILED	contents/OutboxArchiver.md	1	OutboxArchiver_1	4	CS0103,CS0246,CS1513
FAILED	contents/OutboxArchiver.md	2	OutboxArchiver_2	7	CS0103,CS0246,CS1525
FAILED	contents/OutboxArchiver.md	3	OutboxArchiver_3	2	CS0103,CS0246
FAILED	contents/OutboxArchiver.md	4	OutboxArchiver_4	13	CS0103,CS0246
BUILT	contents/PaginationQueryPatterns.md	1	PaginationQueryPatterns_1	0	
FAILED	contents/PaginationQueryPatterns.md	2	PaginationQueryPatterns_2	12	CS0234,CS0246
FAILED	contents/PaginationQueryPatterns.md	3	PaginationQueryPatterns_3	1	CS0246
FAILED	contents/PaginationQueryPatterns.md	4	PaginationQueryPatterns_4	12	CS0234,CS0246
FAILED	contents/ParameterizedQueryPatterns.md	1	ParameterizedQueryPatterns_1	3	CS0246
FAILED	contents/ParameterizedQueryPatterns.md	2	ParameterizedQueryPatterns_2	7	CS0234,CS0246
BUILT	contents/ParameterizedQueryPatterns.md	3	ParameterizedQueryPatterns_3	0	
FAILED	contents/ParameterizedQueryPatterns.md	4	ParameterizedQueryPatterns_4	10	CS0234,CS0246
BUILT	contents/ParameterizedQueryPatterns.md	5	ParameterizedQueryPatterns_5	0	
FAILED	contents/ParameterizedQueryPatterns.md	6	ParameterizedQueryPatterns_6	8	CS0234,CS0246
FAILED	contents/PipelineValidation.md	1	PipelineValidation_1	3	CS0103,CS0246
FAILED	contents/PipelineValidation.md	2	PipelineValidation_2	1	CS0103
FAILED	contents/PipelineValidation.md	3	PipelineValidation_3	3	CS0103,CS1002,CS1513
FAILED	contents/PipelineValidation.md	4	PipelineValidation_4	3	CS0103,CS1002,CS1513
FAILED	contents/PipelineValidation.md	5	PipelineValidation_5	5	CS0103,CS1002,CS1513
FAILED	contents/PipelineValidation.md	6	PipelineValidation_6	4	CS0103,CS1002,CS1513
FAILED	contents/PipelineValidation.md	7	PipelineValidation_7	9	CS0161,CS0246
FAILED	contents/PipelineValidation.md	8	PipelineValidation_8	9	CS0161,CS0246
FAILED	contents/PipelineValidation.md	9	PipelineValidation_9	12	CS0246,CS1001,CS1002,CS1031,CS1994,CS8635
FAILED	contents/PipelineValidation.md	10	PipelineValidation_10	12	CS0246,CS1001,CS1002,CS1031,CS1994,CS8635
FAILED	contents/PipelineValidation.md	11	PipelineValidation_11	10	CS0116,CS0246,CS1022,CS1026,CS1519,CS8124,CS8635
FAILED	contents/PipelineValidation.md	12	PipelineValidation_12	4	CS0103,CS0246,CS1002
FAILED	contents/PipelineValidation.md	13	PipelineValidation_13	8	CS0103,CS0246,CS1002,CS1003,CS1513,CS8635
FAILED	contents/PipelineValidation.md	14	PipelineValidation_14	4	CS0103,CS0246,CS1002,CS1513
FAILED	contents/PipelineValidation.md	15	PipelineValidation_15	11	CS0103,CS0161,CS0246,CS1002,CS1513,CS8635
FAILED	contents/PipelineValidation.md	16	PipelineValidation_16	1	CS0103
FAILED	contents/PolicyFallback.md	1	PolicyFallback_1	25	CS0103,CS0246
FAILED	contents/PolicyFallback.md	2	PolicyFallback_2	14	CS0103,CS0161,CS0246
FAILED	contents/PolicyFallback.md	3	PolicyFallback_3	9	CS0161,CS0246
FAILED	contents/PolicyFallback.md	4	PolicyFallback_4	5	CS0161,CS0246
FAILED	contents/PolicyFallback.md	5	PolicyFallback_5	7	CS0161,CS0246
FAILED	contents/PolicyFallback.md	6	PolicyFallback_6	13	CS0103,CS0117,CS0246
FAILED	contents/PolicyFallback.md	7	PolicyFallback_7	14	CS0103,CS0117,CS0246
FAILED	contents/PolicyFallback.md	8	PolicyFallback_8	17	CS0103,CS0246
FAILED	contents/PolicyFallback.md	9	PolicyFallback_9	17	CS0103,CS0117,CS0246
FAILED	contents/PolicyFallback.md	10	PolicyFallback_10	17	CS0103,CS0246
FAILED	contents/PolicyRetryAndCircuitBreaker.md	1	PolicyRetryAndCircuitBreaker_1	6	CS0246
FAILED	contents/PolicyRetryAndCircuitBreaker.md	2	PolicyRetryAndCircuitBreaker_2	3	CS0246
FAILED	contents/PolicyRetryAndCircuitBreaker.md	3	PolicyRetryAndCircuitBreaker_3	1	CS0246
FAILED	contents/PolicyRetryAndCircuitBreaker.md	4	PolicyRetryAndCircuitBreaker_4	1	CS0103
FAILED	contents/PolicyRetryAndCircuitBreaker.md	5	PolicyRetryAndCircuitBreaker_5	1	CS0103
FAILED	contents/PolicyRetryAndCircuitBreaker.md	6	PolicyRetryAndCircuitBreaker_6	6	CS0246
FAILED	contents/PolicyRetryAndCircuitBreaker.md	7	PolicyRetryAndCircuitBreaker_7	1	CS0103
FAILED	contents/PolicyRetryAndCircuitBreaker.md	8	PolicyRetryAndCircuitBreaker_8	6	CS0246
FAILED	contents/PolicyRetryAndCircuitBreaker.md	9	PolicyRetryAndCircuitBreaker_9	8	CS0246
FAILED	contents/PolicyRetryAndCircuitBreaker.md	10	PolicyRetryAndCircuitBreaker_10	12	CS0246
FAILED	contents/PolicyRetryAndCircuitBreaker.md	11	PolicyRetryAndCircuitBreaker_11	4	CS0103,CS0246
FAILED	contents/PolicyRetryAndCircuitBreaker.md	12	PolicyRetryAndCircuitBreaker_12	1	CS0103
FAILED	contents/PolicyRetryAndCircuitBreaker.md	13	PolicyRetryAndCircuitBreaker_13	1	CS0103
FAILED	contents/PolicyRetryAndCircuitBreaker.md	14	PolicyRetryAndCircuitBreaker_14	9	CS0103,CS0246
FAILED	contents/PolicyRetryAndCircuitBreaker.md	15	PolicyRetryAndCircuitBreaker_15	1	CS0103
FAILED	contents/PolicyRetryAndCircuitBreaker.md	16	PolicyRetryAndCircuitBreaker_16	3	CS0103
FAILED	contents/PolicyRetryAndCircuitBreaker.md	17	PolicyRetryAndCircuitBreaker_17	3	CS0103,CS0246
FAILED	contents/PolicyRetryAndCircuitBreaker.md	18	PolicyRetryAndCircuitBreaker_18	2	CS0103,CS1525
FAILED	contents/PolicyRetryAndCircuitBreaker.md	19	PolicyRetryAndCircuitBreaker_19	3	CS0103,CS0246,CS1525
FAILED	contents/PostgreSQLBrokerTradeOffs.md	1	PostgreSQLBrokerTradeOffs_1	5	CS0103,CS0128,CS0246
FAILED	contents/PostgreSQLMessageBroker.md	1	PostgreSQLMessageBroker_1	2	CS0103,CS0246
FAILED	contents/PostgreSQLMessageBroker.md	2	PostgreSQLMessageBroker_2	8	CS0103,CS0161,CS0246
FAILED	contents/PostgreSQLMessageBroker.md	3	PostgreSQLMessageBroker_3	6	CS0103,CS0246,CS1503
FAILED	contents/PostgreSQLMessageBroker.md	4	PostgreSQLMessageBroker_4	10	CS0246
FAILED	contents/PostgreSQLMessageBroker.md	5	PostgreSQLMessageBroker_5	3	CS0103,CS0246
FAILED	contents/PostgreSQLMessageBroker.md	6	PostgreSQLMessageBroker_6	4	CS0103,CS0246
FAILED	contents/PostgreSQLMessageBroker.md	7	PostgreSQLMessageBroker_7	7	CS0161,CS0246
FAILED	contents/PostgreSQLMessageBroker.md	8	PostgreSQLMessageBroker_8	1	CS0103
FAILED	contents/PostgreSQLMessageBroker.md	9	PostgreSQLMessageBroker_9	2	CS0103,CS0246
FAILED	contents/PostgreSQLMessageBroker.md	10	PostgreSQLMessageBroker_10	3	CS0103,CS0246
BUILT	contents/PostgreSQLMessageBroker.md	11	PostgreSQLMessageBroker_11	0	
FAILED	contents/PostgreSQLMessageBroker.md	12	PostgreSQLMessageBroker_12	4	CS0246
FAILED	contents/PostgreSQLMessageBroker.md	13	PostgreSQLMessageBroker_13	4	CS0246
BUILT	contents/PostgreSQLTransportAndOutbox.md	1	PostgreSQLTransportAndOutbox_1	0	
BUILT	contents/PostgreSQLTransportAndOutbox.md	2	PostgreSQLTransportAndOutbox_2	0	
FAILED	contents/PostgreSQLTransportAndOutbox.md	3	PostgreSQLTransportAndOutbox_3	2	CS0103
FAILED	contents/PostgreSQLTransportAndOutbox.md	4	PostgreSQLTransportAndOutbox_4	4	CS0103,CS0246
FAILED	contents/PostgreSQLTransportAndOutbox.md	5	PostgreSQLTransportAndOutbox_5	5	CS0103,CS0246
FAILED	contents/PostgreSQLTransportAndOutbox.md	6	PostgreSQLTransportAndOutbox_6	4	CS0246
FAILED	contents/PostgreSQLTransportAndOutbox.md	7	PostgreSQLTransportAndOutbox_7	2	CS0103
FAILED	contents/PostgresDistributedLock.md	1	PostgresDistributedLock_1	2	CS0246
FAILED	contents/PostgresDistributedLock.md	2	PostgresDistributedLock_2	2	CS0103,CS1525
FAILED	contents/PostgresInbox.md	1	PostgresInbox_1	20	CS0103,CS0246,CS0501,CS1001,CS1002,CS1022,CS1513,CS1519,CS1520,CS8635
BUILT	contents/PostgresOutbox.md	1	PostgresOutbox_1	0	
FAILED	contents/PostgresOutbox.md	2	PostgresOutbox_2	3	CS0103,CS0246
FAILED	contents/PostgresOutbox.md	3	PostgresOutbox_3	7	CS0116,CS0246,CS1729
FAILED	contents/ProjectionQueryPatterns.md	1	ProjectionQueryPatterns_1	3	CS0234,CS0246
FAILED	contents/ProjectionQueryPatterns.md	2	ProjectionQueryPatterns_2	5	CS0234,CS0246
FAILED	contents/ProjectionQueryPatterns.md	3	ProjectionQueryPatterns_3	3	CS0103,CS1002,CS1513
BUILT	contents/ProjectionQueryPatterns.md	4	ProjectionQueryPatterns_4	0	
FAILED	contents/QuartzScheduler.md	1	QuartzScheduler_1	4	CS0103,CS1061
FAILED	contents/QuartzScheduler.md	2	QuartzScheduler_2	5	CS0103,CS0246
FAILED	contents/QuartzScheduler.md	3	QuartzScheduler_3	1	CS0103
FAILED	contents/QuartzScheduler.md	4	QuartzScheduler_4	1	CS0103
FAILED	contents/QuartzScheduler.md	5	QuartzScheduler_5	1	CS0103
FAILED	contents/QuartzScheduler.md	6	QuartzScheduler_6	1	CS0103
FAILED	contents/QuartzScheduler.md	7	QuartzScheduler_7	1	CS0103
FAILED	contents/QuartzScheduler.md	8	QuartzScheduler_8	2	CS0103,CS1002
FAILED	contents/QuartzScheduler.md	9	QuartzScheduler_9	2	CS0103,CS0246
FAILED	contents/QuartzScheduler.md	10	QuartzScheduler_10	1	CS0103
FAILED	contents/QuartzScheduler.md	11	QuartzScheduler_11	8	CS0103,CS0161,CS0246
FAILED	contents/QuartzScheduler.md	12	QuartzScheduler_12	4	CS0103
FAILED	contents/QuartzScheduler.md	13	QuartzScheduler_13	7	CS0103,CS0161,CS0246
FAILED	contents/QuartzScheduler.md	14	QuartzScheduler_14	1	CS0103
FAILED	contents/QuartzScheduler.md	15	QuartzScheduler_15	27	CS0103,CS0116,CS0246,CS1022,CS1026,CS8124,CS8803,CS8937
FAILED	contents/QuartzScheduler.md	16	QuartzScheduler_16	20	CS0103,CS0116,CS0246,CS1022,CS1026,CS1031,CS8124
FAILED	contents/QuartzScheduler.md	17	QuartzScheduler_17	1	CS0103
FAILED	contents/QuartzScheduler.md	18	QuartzScheduler_18	1	CS0103
FAILED	contents/QuartzScheduler.md	19	QuartzScheduler_19	9	CS0103
FAILED	contents/QuartzScheduler.md	20	QuartzScheduler_20	2	CS0103
FAILED	contents/QuartzScheduler.md	21	QuartzScheduler_21	5	CS0103
FAILED	contents/QuartzScheduler.md	22	QuartzScheduler_22	4	CS0103,CS0246
FAILED	contents/QuartzScheduler.md	23	QuartzScheduler_23	3	CS0103,CS0128
FAILED	contents/QuartzScheduler.md	24	QuartzScheduler_24	1	CS1002
FAILED	contents/QuartzScheduler.md	25	QuartzScheduler_25	3	CS0103,CS0246
FAILED	contents/QuartzScheduler.md	26	QuartzScheduler_26	1	CS0103
FAILED	contents/QuartzScheduler.md	27	QuartzScheduler_27	3	CS0103,CS1002
BUILT	contents/QueriesAndQueryObjects.md	1	QueriesAndQueryObjects_1	0	
BUILT	contents/QueriesAndQueryObjects.md	2	QueriesAndQueryObjects_2	0	
BUILT	contents/QueriesAndQueryObjects.md	3	QueriesAndQueryObjects_3	0	
FAILED	contents/QueriesAndQueryObjects.md	4	QueriesAndQueryObjects_4	3	CS0246
FAILED	contents/QueriesAndQueryObjects.md	5	QueriesAndQueryObjects_5	3	CS0246
FAILED	contents/QueriesAndQueryObjects.md	6	QueriesAndQueryObjects_6	4	CS0246
FAILED	contents/QueriesAndQueryObjects.md	7	QueriesAndQueryObjects_7	2	CS0246
FAILED	contents/QueriesAndQueryObjects.md	8	QueriesAndQueryObjects_8	4	CS0116,CS0246,CS0825
FAILED	contents/QueriesAndQueryObjects.md	9	QueriesAndQueryObjects_9	2	CS0246
FAILED	contents/QueriesAndQueryObjects.md	10	QueriesAndQueryObjects_10	2	CS0246
FAILED	contents/QueriesAndQueryObjects.md	11	QueriesAndQueryObjects_11	5	CS0246
FAILED	contents/QueriesAndQueryObjects.md	12	QueriesAndQueryObjects_12	4	CS0246
FAILED	contents/QueriesAndQueryObjects.md	13	QueriesAndQueryObjects_13	4	CS0103,CS0246,CS1002
FAILED	contents/QueriesAndQueryObjects.md	14	QueriesAndQueryObjects_14	4	CS0103,CS0246,CS1002
FAILED	contents/QueriesAndQueryObjects.md	15	QueriesAndQueryObjects_15	4	CS0103,CS0246,CS1002
FAILED	contents/QueriesAndQueryObjects.md	16	QueriesAndQueryObjects_16	4	CS0103,CS0246,CS1002
FAILED	contents/QueriesAndQueryObjects.md	17	QueriesAndQueryObjects_17	2	CS0246,CS1002
FAILED	contents/QueriesAndQueryObjects.md	18	QueriesAndQueryObjects_18	16	CS0246
FAILED	contents/QueriesAndQueryObjects.md	19	QueriesAndQueryObjects_19	5	CS0246
FAILED	contents/QueriesAndQueryObjects.md	20	QueriesAndQueryObjects_20	5	CS0246
FAILED	contents/QueriesAndQueryObjects.md	21	QueriesAndQueryObjects_21	3	CS0246
FAILED	contents/QueriesAndQueryObjects.md	22	QueriesAndQueryObjects_22	1	CS0246
FAILED	contents/QueriesAndQueryObjects.md	23	QueriesAndQueryObjects_23	5	CS0246
FAILED	contents/QueryHandlerDependencies.md	1	QueryHandlerDependencies_1	9	CS0234,CS0246
FAILED	contents/QueryHandlerDependencies.md	2	QueryHandlerDependencies_2	8	CS0234,CS0246
FAILED	contents/QueryHandlerDependencies.md	3	QueryHandlerDependencies_3	2	CS0103,CS0246
FAILED	contents/QueryHandlerDependencies.md	4	QueryHandlerDependencies_4	16	CS0246
FAILED	contents/QueryObjectValidation.md	1	QueryObjectValidation_1	2	CS0246
FAILED	contents/QueryObjectValidation.md	2	QueryObjectValidation_2	2	CS0246
FAILED	contents/QueryObjectValidation.md	3	QueryObjectValidation_3	11	CS0246
FAILED	contents/QueryPatterns.md	1	QueryPatterns_1	3	CS0103,CS1002,CS1513
FAILED	contents/QueryPatterns.md	2	QueryPatterns_2	6	CS0103,CS0128
FAILED	contents/QueryPatterns.md	3	QueryPatterns_3	12	CS0103,CS0111,CS0246
FAILED	contents/QueryPatterns.md	4	QueryPatterns_4	8	CS0234,CS0246,CS1739
FAILED	contents/QueryPatterns.md	5	QueryPatterns_5	26	CS0103,CS0246
FAILED	contents/QueryPipeline.md	1	QueryPipeline_1	5	CS0161,CS0246
FAILED	contents/QueryPipeline.md	2	QueryPipeline_2	3	CS0103,CS0246
FAILED	contents/QueryPipeline.md	3	QueryPipeline_3	4	CS0246
FAILED	contents/QueryPipeline.md	4	QueryPipeline_4	3	CS0103,CS0246
FAILED	contents/QueryPipeline.md	5	QueryPipeline_5	4	CS0246
FAILED	contents/QueryPipeline.md	6	QueryPipeline_6	3	CS0103,CS0246
FAILED	contents/QueryPipeline.md	7	QueryPipeline_7	7	CS0246
FAILED	contents/QueryPipeline.md	8	QueryPipeline_8	7	CS0161,CS0246
FAILED	contents/QueryPipeline.md	9	QueryPipeline_9	4	CS0246
FAILED	contents/QueryPipeline.md	10	QueryPipeline_10	7	CS0246
FAILED	contents/QueryPipeline.md	11	QueryPipeline_11	9	CS0246
FAILED	contents/QueryPipeline.md	12	QueryPipeline_12	3	CS1002,CS1525,CS7014
FAILED	contents/QueryPipeline.md	13	QueryPipeline_13	17	CS0103,CS0161,CS0246,CS1001,CS1031,CS8635
FAILED	contents/QueryPipeline.md	14	QueryPipeline_14	3	CS1002,CS1525,CS7014
FAILED	contents/QueryPipeline.md	15	QueryPipeline_15	9	CS0103,CS1002,CS1513
FAILED	contents/QueryPipeline.md	16	QueryPipeline_16	3	CS1002,CS1525,CS7014
FAILED	contents/QueryPipeline.md	17	QueryPipeline_17	3	CS1002,CS1525,CS7014
FAILED	contents/QueryPipeline.md	18	QueryPipeline_18	2	CS0103,CS0246
FAILED	contents/QueryPipeline.md	19	QueryPipeline_19	2	CS0103,CS0246
FAILED	contents/QueryPipeline.md	20	QueryPipeline_20	3	CS1002,CS1525,CS7014
FAILED	contents/QueryPipeline.md	21	QueryPipeline_21	5	CS0103,CS1002,CS1525,CS7014
FAILED	contents/QueryPipeline.md	22	QueryPipeline_22	9	CS0161,CS0246,CS1001,CS1031,CS8635
FAILED	contents/QueryPipeline.md	23	QueryPipeline_23	17	CS0103,CS0161,CS0246,CS1001,CS1031,CS8635
FAILED	contents/QueryPipeline.md	24	QueryPipeline_24	6	CS0103,CS0246,CS1001,CS1031,CS8635
FAILED	contents/QueryPipeline.md	25	QueryPipeline_25	6	CS0103,CS0246,CS1001,CS1031,CS8635
FAILED	contents/QueryPipelinePolicies.md	1	QueryPipelinePolicies_1	3	CS0103,CS0246
FAILED	contents/QueryPipelinePolicies.md	2	QueryPipelinePolicies_2	1	CS0103
BUILT	contents/QueryPipelinePolicies.md	3	QueryPipelinePolicies_3	0	
FAILED	contents/QueryPipelinePolicies.md	4	QueryPipelinePolicies_4	3	CS0103,CS0246
FAILED	contents/QueryPipelinePolicies.md	5	QueryPipelinePolicies_5	4	CS0103,CS0246
FAILED	contents/QueryPipelinePolicies.md	6	QueryPipelinePolicies_6	3	CS0103,CS0246
FAILED	contents/QueryResultTypes.md	1	QueryResultTypes_1	3	CS0246
FAILED	contents/QueryResultTypes.md	2	QueryResultTypes_2	3	CS0246
FAILED	contents/QueryResultTypes.md	3	QueryResultTypes_3	11	CS0246
FAILED	contents/QueryResultTypes.md	4	QueryResultTypes_4	4	CS0246
FAILED	contents/QueryResultTypes.md	5	QueryResultTypes_5	4	CS0246
FAILED	contents/QueryResultTypes.md	6	QueryResultTypes_6	6	CS0103,CS0246
FAILED	contents/RabbitMQConfiguration.md	1	RabbitMQConfiguration_1	7	CS0246,CS1002,CS1003,CS1026,CS8635
FAILED	contents/RabbitMQConfiguration.md	2	RabbitMQConfiguration_2	8	CS1002,CS1003,CS1026,CS1513,CS8635
FAILED	contents/RabbitMQConfiguration.md	3	RabbitMQConfiguration_3	4	CS1002,CS1003,CS1026,CS8635
FAILED	contents/RabbitMQConfiguration.md	4	RabbitMQConfiguration_4	23	CS0103,CS0246,CS1002,CS1003,CS1513,CS8635
FAILED	contents/RabbitMQConfiguration.md	5	RabbitMQConfiguration_5	9	CS0103,CS0246
FAILED	contents/RabbitMQConfiguration.md	6	RabbitMQConfiguration_6	17	CS0103,CS0246,CS1003,CS8635
FAILED	contents/RabbitMQConnectionStability.md	1	RabbitMQConnectionStability_1	4	CS0246
FAILED	contents/RabbitMQConnectionStability.md	2	RabbitMQConnectionStability_2	4	CS0246
FAILED	contents/RabbitMQConnectionStability.md	3	RabbitMQConnectionStability_3	3	CS0103,CS0246
FAILED	contents/RabbitMQMigrateToQuorumQueues.md	1	RabbitMQMigrateToQuorumQueues_1	4	CS0246
FAILED	contents/ReactorAndProactor.md	1	ReactorAndProactor_1	5	CS0103,CS0246
FAILED	contents/ReactorAndProactor.md	2	ReactorAndProactor_2	14	CS0103,CS0246
FAILED	contents/ReactorAndProactor.md	3	ReactorAndProactor_3	9	CS0103,CS0246
FAILED	contents/ReactorAndProactor.md	4	ReactorAndProactor_4	7	CS0103,CS0246
FAILED	contents/ReactorAndProactor.md	5	ReactorAndProactor_5	14	CS0103,CS0246
FAILED	contents/ReactorAndProactor.md	6	ReactorAndProactor_6	11	CS0103,CS0246
FAILED	contents/ReactorAndProactor.md	7	ReactorAndProactor_7	10	CS0246
FAILED	contents/ReactorAndProactor.md	8	ReactorAndProactor_8	8	CS0103,CS0246
FAILED	contents/ReactorAndProactor.md	9	ReactorAndProactor_9	8	CS0103,CS0246
FAILED	contents/ReactorAndProactor.md	10	ReactorAndProactor_10	7	CS0103,CS0246
FAILED	contents/ReactorAndProactor.md	11	ReactorAndProactor_11	2	CS0246
FAILED	contents/ReactorAndProactor.md	12	ReactorAndProactor_12	3	CS0103,CS0246
FAILED	contents/ReactorAndProactor.md	13	ReactorAndProactor_13	7	CS0103,CS0246
FAILED	contents/ReactorAndProactor.md	14	ReactorAndProactor_14	7	CS0103,CS0246
FAILED	contents/RedisConfiguration.md	1	RedisConfiguration_1	5	CS0103,CS0246
FAILED	contents/RelationalDatabaseConfigurationReference.md	1	RelationalDatabaseConfigurationReference_1	1	CS0103
FAILED	contents/ReplayOnSeenReference.md	1	ReplayOnSeenReference_1	5	CS0103,CS0117,CS0246
FAILED	contents/RequestValidation.md	1	RequestValidation_1	4	CS0103,CS0246
BUILT	contents/RequestValidation.md	2	RequestValidation_2	0	
FAILED	contents/RequestValidation.md	3	RequestValidation_3	4	CS0103,CS0246
FAILED	contents/RequestValidation.md	4	RequestValidation_4	2	CS0103,CS0234
FAILED	contents/RequestValidation.md	5	RequestValidation_5	5	CS0103,CS0246
FAILED	contents/RequestValidation.md	6	RequestValidation_6	1	CS0246
FAILED	contents/RequestValidation.md	7	RequestValidation_7	5	CS0103,CS0234,CS0246
FAILED	contents/RequestValidation.md	8	RequestValidation_8	2	CS0103,CS0234
FAILED	contents/RequestValidation.md	9	RequestValidation_9	5	CS0103,CS0246
FAILED	contents/RequestValidation.md	10	RequestValidation_10	4	CS0103,CS0234,CS0246
BUILT	contents/RequestValidation.md	11	RequestValidation_11	0	
FAILED	contents/RequestValidation.md	12	RequestValidation_12	3	CS0103
FAILED	contents/RequestValidation.md	13	RequestValidation_13	6	CS0103,CS0246
FAILED	contents/RequestValidation.md	14	RequestValidation_14	2	CS0103,CS0246
FAILED	contents/RequestValidation.md	15	RequestValidation_15	1	CS0246
FAILED	contents/RequestValidation.md	16	RequestValidation_16	1	CS0246
FAILED	contents/ReturningResultsFromAHandler.md	1	ReturningResultsFromAHandler_1	2	CS0103,CS0246
FAILED	contents/RocketMQConfiguration.md	1	RocketMQConfiguration_1	4	CS0103,CS0246
FAILED	contents/Routing.md	1	Routing_1	9	CS0103,CS0246
FAILED	contents/Routing.md	2	Routing_2	6	CS0246,CS1729
FAILED	contents/Routing.md	3	Routing_3	16	CS0103,CS0246
FAILED	contents/Routing.md	4	Routing_4	19	CS0103,CS0246,CS1002,CS1003,CS1513,CS8635
FAILED	contents/RoutingMultipleMessageTypes.md	1	RoutingMultipleMessageTypes_1	8	CS0103,CS0246
FAILED	contents/RoutingMultipleMessageTypes.md	2	RoutingMultipleMessageTypes_2	16	CS0103,CS0246
FAILED	contents/RoutingMultipleMessageTypes.md	3	RoutingMultipleMessageTypes_3	5	CS0103,CS0246
FAILED	contents/RoutingMultipleMessageTypes.md	4	RoutingMultipleMessageTypes_4	5	CS0103,CS0246
FAILED	contents/RoutingMultipleMessageTypes.md	5	RoutingMultipleMessageTypes_5	1	CS0103
FAILED	contents/RoutingMultipleMessageTypes.md	6	RoutingMultipleMessageTypes_6	6	CS0103,CS0246,CS1525
FAILED	contents/RoutingMultipleMessageTypes.md	7	RoutingMultipleMessageTypes_7	9	CS0103,CS0246
FAILED	contents/RoutingMultipleMessageTypes.md	8	RoutingMultipleMessageTypes_8	6	CS0103,CS0246
FAILED	contents/RoutingMultipleMessageTypes.md	9	RoutingMultipleMessageTypes_9	6	CS0103,CS0246
FAILED	contents/S3LuggageStore.md	1	S3LuggageStore_1	6	CS0103,CS0234,CS0246
FAILED	contents/S3LuggageStore.md	2	S3LuggageStore_2	1	CS0103
FAILED	contents/SchedulingAMessage.md	1	SchedulingAMessage_1	8	CS0103,CS0161,CS0246
FAILED	contents/SchedulingAMessage.md	2	SchedulingAMessage_2	8	CS0103,CS0161,CS0246
FAILED	contents/SchedulingAMessage.md	3	SchedulingAMessage_3	4	CS0246
FAILED	contents/SchedulingAMessage.md	4	SchedulingAMessage_4	7	CS0103,CS0161,CS0246
FAILED	contents/SchedulingAMessage.md	5	SchedulingAMessage_5	8	CS0103,CS0161,CS0246
FAILED	contents/SchedulingAMessage.md	6	SchedulingAMessage_6	11	CS0103,CS0246
FAILED	contents/SchedulingAMessage.md	7	SchedulingAMessage_7	3	CS0103,CS0246
FAILED	contents/SchedulingAMessage.md	8	SchedulingAMessage_8	3	CS0103,CS0246
FAILED	contents/SchedulingAMessage.md	9	SchedulingAMessage_9	2	CS0103,CS0246
FAILED	contents/ShowMeTheCode.md	1	ShowMeTheCode_1	14	CS0103,CS0246
FAILED	contents/ShowMeTheCode.md	2	ShowMeTheCode_2	12	CS0103,CS0117,CS0246
FAILED	contents/ShowMeTheCode.md	3	ShowMeTheCode_3	19	CS0103,CS0246,CS1022
FAILED	contents/ShowMeTheCode.md	4	ShowMeTheCode_4	14	CS0103,CS0117,CS0246
FAILED	contents/ShowMeTheCode.md	5	ShowMeTheCode_5	12	CS0103,CS0117,CS0246
FAILED	contents/ShowMeTheCode.md	6	ShowMeTheCode_6	2	CS0103,CS0246
BUILT	contents/SpannerInbox.md	1	SpannerInbox_1	0	
BUILT	contents/SpannerInbox.md	2	SpannerInbox_2	0	
BUILT	contents/SpannerOutbox.md	1	SpannerOutbox_1	0	
BUILT	contents/SpannerOutbox.md	2	SpannerOutbox_2	0	
FAILED	contents/SqliteInbox.md	1	SqliteInbox_1	20	CS0103,CS0246,CS0501,CS1001,CS1002,CS1022,CS1513,CS1519,CS1520,CS8635
FAILED	contents/SqliteOutbox.md	1	SqliteOutbox_1	2	CS0103
FAILED	contents/SqliteOutbox.md	2	SqliteOutbox_2	3	CS0103,CS0246
FAILED	contents/SqliteOutbox.md	3	SqliteOutbox_3	7	CS0116,CS0246,CS1729
FAILED	contents/SweeperCircuitBreaking.md	1	SweeperCircuitBreaking_1	1	CS0246
FAILED	contents/SweeperCircuitBreaking.md	2	SweeperCircuitBreaking_2	5	CS0103,CS0246
FAILED	contents/SweeperCircuitBreaking.md	3	SweeperCircuitBreaking_3	4	CS0246
FAILED	contents/SweeperCircuitBreaking.md	4	SweeperCircuitBreaking_4	20	CS0103,CS0116,CS0246,CS1022,CS1026,CS1031,CS8124
FAILED	contents/SweeperCircuitBreaking.md	5	SweeperCircuitBreaking_5	4	CS0103,CS0246
FAILED	contents/SweeperCircuitBreaking.md	6	SweeperCircuitBreaking_6	3	CS0103
FAILED	contents/SweeperCircuitBreaking.md	7	SweeperCircuitBreaking_7	7	CS0103,CS0246
FAILED	contents/SweeperCircuitBreaking.md	8	SweeperCircuitBreaking_8	2	CS0103
FAILED	contents/SweeperCircuitBreaking.md	9	SweeperCircuitBreaking_9	2	CS0103
FAILED	contents/SwitchingSchedulers.md	1	SwitchingSchedulers_1	5	CS0103,CS0246,CS1002,CS1513,CS8635
FAILED	contents/SwitchingSchedulers.md	2	SwitchingSchedulers_2	4	CS0103,CS1002,CS1513,CS8635
FAILED	contents/SwitchingSchedulers.md	3	SwitchingSchedulers_3	9	CS0103,CS0246,CS1002,CS1513,CS8635
FAILED	contents/SwitchingSchedulers.md	4	SwitchingSchedulers_4	4	CS0103,CS1002,CS1513,CS8635
FAILED	contents/SwitchingSchedulers.md	5	SwitchingSchedulers_5	8	CS0103,CS0246,CS1002,CS1513,CS8635
FAILED	contents/SwitchingSchedulers.md	6	SwitchingSchedulers_6	7	CS0103,CS0246,CS1002,CS1513,CS8635
FAILED	contents/SwitchingSchedulers.md	7	SwitchingSchedulers_7	4	CS0103,CS1002,CS1513,CS8635
FAILED	contents/Telemetry.md	1	Telemetry_1	8	CS0103,CS0117
FAILED	contents/Telemetry.md	2	Telemetry_2	2	CS0103,CS0246
FAILED	contents/Telemetry.md	3	Telemetry_3	5	CS0103,CS0246
FAILED	contents/Telemetry.md	4	Telemetry_4	1	CS0103
FAILED	contents/Telemetry.md	5	Telemetry_5	4	CS0103,CS0246,CS1002,CS1513
FAILED	contents/TestDoubleOptions.md	1	TestDoubleOptions_1	5	CS0103,CS0246
FAILED	contents/TestDoubleOptions.md	2	TestDoubleOptions_2	16	CS0103,CS0246,CS1002
FAILED	contents/TestDoubleOptions.md	3	TestDoubleOptions_3	11	CS0103,CS0246
FAILED	contents/TestDoubleOptions.md	4	TestDoubleOptions_4	4	CS0103,CS0246
FAILED	contents/TestDoubleOptions.md	5	TestDoubleOptions_5	5	CS0103,CS0246
FAILED	contents/TestDoubleOptions.md	6	TestDoubleOptions_6	5	CS0103,CS0246
FAILED	contents/TestDoubleOptions.md	7	TestDoubleOptions_7	5	CS0103,CS0246
FAILED	contents/TestDoubleOptions.md	8	TestDoubleOptions_8	8	CS0103,CS0246,CS8130
FAILED	contents/TestDoubleOptions.md	9	TestDoubleOptions_9	4	CS0103,CS0246
FAILED	contents/TestDoubleOptions.md	10	TestDoubleOptions_10	3	CS0246
FAILED	contents/TestDoubleOptions.md	11	TestDoubleOptions_11	5	CS0103,CS0246
FAILED	contents/TestDoubleOptions.md	12	TestDoubleOptions_12	8	CS0103,CS0246
FAILED	contents/TestingQueryHandlers.md	1	TestingQueryHandlers_1	21	CS0103,CS0246
FAILED	contents/TestingQueryHandlers.md	2	TestingQueryHandlers_2	15	CS0103,CS0234,CS0246
FAILED	contents/TestingQueryHandlers.md	3	TestingQueryHandlers_3	14	CS0103,CS0246
FAILED	contents/TickerQScheduler.md	1	TickerQScheduler_1	12	CS0103,CS0246,CS1061
FAILED	contents/TickerQScheduler.md	2	TickerQScheduler_2	3	CS0103,CS0246
FAILED	contents/TickerQScheduler.md	3	TickerQScheduler_3	1	CS0103
FAILED	contents/TickerQScheduler.md	4	TickerQScheduler_4	6	CS0103,CS0161,CS0246
FAILED	contents/TickerQScheduler.md	5	TickerQScheduler_5	1	CS0103
FAILED	contents/TickerQScheduler.md	6	TickerQScheduler_6	1	CS0103
FAILED	contents/TickerQScheduler.md	7	TickerQScheduler_7	1	CS0103
FAILED	contents/TickerQScheduler.md	8	TickerQScheduler_8	1	CS0103
FAILED	contents/TransactionalMessagingWithTheOutbox.md	1	TransactionalMessagingWithTheOutbox_1	24	CS0103,CS0246
FAILED	contents/TransactionalMessagingWithTheOutbox.md	2	TransactionalMessagingWithTheOutbox_2	26	CS0103,CS0246
FAILED	contents/TurningOnReplayOnSeen.md	1	TurningOnReplayOnSeen_1	6	CS0117,CS0246,CS1503
FAILED	contents/TurningOnReplayOnSeen.md	2	TurningOnReplayOnSeen_2	14	CS0103,CS0246
FAILED	contents/TurningOnReplayOnSeen.md	3	TurningOnReplayOnSeen_3	2	CS0246
FAILED	contents/TurningOnReplayOnSeen.md	4	TurningOnReplayOnSeen_4	13	CS0103,CS0111,CS0117,CS0246
FAILED	contents/TurningOnReplayOnSeen.md	5	TurningOnReplayOnSeen_5	2	CS0103
FAILED	contents/TurningOnReplayOnSeen.md	6	TurningOnReplayOnSeen_6	16	CS0117,CS0246,CS1503
FAILED	contents/TutorialDurableOutbox.md	1	TutorialDurableOutbox_1	4	CS0246
BUILT	contents/TutorialDurableOutbox.md	2	TutorialDurableOutbox_2	0	
FAILED	contents/TutorialDurableOutbox.md	3	TutorialDurableOutbox_3	5	CS0246
BUILT	contents/TutorialFirstCommand.md	1	TutorialFirstCommand_1	0	
FAILED	contents/TutorialFirstCommand.md	2	TutorialFirstCommand_2	3	CS0246
FAILED	contents/TutorialFirstCommand.md	3	TutorialFirstCommand_3	2	CS0246
BUILT	contents/TutorialFirstMessage.md	1	TutorialFirstMessage_1	0	
FAILED	contents/TutorialFirstMessage.md	2	TutorialFirstMessage_2	4	CS0103,CS0246
FAILED	contents/TutorialFirstMessage.md	3	TutorialFirstMessage_3	4	CS0246
FAILED	contents/TutorialFirstMessage.md	4	TutorialFirstMessage_4	3	CS0103,CS0246
FAILED	contents/TutorialStreamingWithKafka.md	1	TutorialStreamingWithKafka_1	4	CS0103,CS0246
FAILED	contents/TutorialStreamingWithKafka.md	2	TutorialStreamingWithKafka_2	3	CS0103,CS0246
FAILED	contents/UsingSweeperCircuitBreaking.md	1	UsingSweeperCircuitBreaking_1	2	CS0103
FAILED	contents/UsingSweeperCircuitBreaking.md	2	UsingSweeperCircuitBreaking_2	8	CS0103,CS0246
FAILED	contents/UsingSweeperCircuitBreaking.md	3	UsingSweeperCircuitBreaking_3	1	CS0103
FAILED	contents/UsingSweeperCircuitBreaking.md	4	UsingSweeperCircuitBreaking_4	13	CS0103,CS0246
FAILED	contents/UsingSweeperCircuitBreaking.md	5	UsingSweeperCircuitBreaking_5	6	CS0103,CS0246
FAILED	contents/UsingTheContextBag.md	1	UsingTheContextBag_1	6	CS0103,CS0246
FAILED	contents/UsingTheContextBag.md	2	UsingTheContextBag_2	12	CS0103,CS0246
FAILED	contents/UsingTheContextBag.md	3	UsingTheContextBag_3	6	CS0103,CS0246
FAILED	contents/UsingTheContextBag.md	4	UsingTheContextBag_4	3	CS0103,CS0246
FAILED	contents/UsingTheContextBag.md	5	UsingTheContextBag_5	10	CS0103,CS0246
FAILED	contents/UsingTheContextBag.md	6	UsingTheContextBag_6	7	CS0103,CS0246
FAILED	contents/UsingTheContextBag.md	7	UsingTheContextBag_7	15	CS0103,CS0246
FAILED	contents/UsingTheContextBag.md	8	UsingTheContextBag_8	13	CS0103,CS0246
FAILED	contents/UsingTheContextBag.md	9	UsingTheContextBag_9	13	CS0103,CS0246
FAILED	contents/UsingTheContextBag.md	10	UsingTheContextBag_10	9	CS0103,CS0246
FAILED	contents/UsingTheContextBag.md	11	UsingTheContextBag_11	6	CS0103,CS0246
BUILT	contents/UsingTheContextBag.md	12	UsingTheContextBag_12	0	
FAILED	contents/UsingTheContextBag.md	13	UsingTheContextBag_13	5	CS0103
FAILED	contents/UsingTheContextBag.md	14	UsingTheContextBag_14	5	CS0103
FAILED	contents/UsingTheContextBag.md	15	UsingTheContextBag_15	8	CS0103,CS0246
FAILED	contents/UsingTheContextBag.md	16	UsingTheContextBag_16	4	CS0116,CS1022
FAILED	contents/UsingTheContextBag.md	17	UsingTheContextBag_17	5	CS0103
FAILED	contents/UsingTheContextBag.md	18	UsingTheContextBag_18	7	CS0103,CS0246
FAILED	contents/V10MigrationGuide.md	1	V10MigrationGuide_1	1	CS0246
FAILED	contents/V10MigrationGuide.md	2	V10MigrationGuide_2	3	CS0246,CS1729
FAILED	contents/V10MigrationGuide.md	3	V10MigrationGuide_3	11	CS0103,CS0246
FAILED	contents/V10MigrationGuide.md	4	V10MigrationGuide_4	6	CS0103,CS0246,CS1003,CS8635
FAILED	contents/V10MigrationGuide.md	5	V10MigrationGuide_5	5	CS0103,CS1003,CS8635
FAILED	contents/V10MigrationGuide.md	6	V10MigrationGuide_6	5	CS0246
FAILED	contents/V10MigrationGuide.md	7	V10MigrationGuide_7	6	CS0103,CS0246
FAILED	contents/V10MigrationGuide.md	8	V10MigrationGuide_8	8	CS0246
FAILED	contents/V10MigrationGuide.md	9	V10MigrationGuide_9	3	CS0246
FAILED	contents/V10MigrationGuide.md	10	V10MigrationGuide_10	8	CS0246
FAILED	contents/V10MigrationGuide.md	11	V10MigrationGuide_11	1	CS0103
FAILED	contents/V10MigrationGuide.md	12	V10MigrationGuide_12	7	CS0246
FAILED	contents/V10MigrationGuide.md	13	V10MigrationGuide_13	10	CS0103,CS0246
FAILED	contents/V10MigrationGuide.md	14	V10MigrationGuide_14	3	CS0246,CS1061
FAILED	contents/V10MigrationGuide.md	15	V10MigrationGuide_15	3	CS0103,CS0246,CS1729
FAILED	contents/V10MigrationGuide.md	16	V10MigrationGuide_16	3	CS0103,CS0246,CS1729
FAILED	contents/V10MigrationGuide.md	17	V10MigrationGuide_17	6	CS0103,CS0246,CS1002
FAILED	contents/V10MigrationGuide.md	18	V10MigrationGuide_18	10	CS0103,CS0246
FAILED	contents/V10MigrationGuide.md	19	V10MigrationGuide_19	18	CS0103,CS0116,CS0246,CS1022,CS8124
FAILED	contents/V10MigrationGuide.md	20	V10MigrationGuide_20	17	CS0116,CS0246,CS0501,CS0538,CS1002,CS1022,CS1026,CS8803,CS8937
FAILED	contents/V10MigrationGuide.md	21	V10MigrationGuide_21	5	CS0103,CS0246
FAILED	contents/V10MigrationGuide.md	22	V10MigrationGuide_22	5	CS0103
FAILED	contents/V10MigrationGuide.md	23	V10MigrationGuide_23	7	CS0103,CS0246
FAILED	contents/V10MigrationGuide.md	24	V10MigrationGuide_24	8	CS0103,CS0246
FAILED	contents/V10MigrationGuide.md	25	V10MigrationGuide_25	6	CS0246
FAILED	contents/V10MigrationGuide.md	26	V10MigrationGuide_26	10	CS0103,CS0161,CS0246
FAILED	contents/V10MigrationGuide.md	27	V10MigrationGuide_27	6	CS0103,CS0161,CS0246
