AggregationQueryPatterns_1	FAIL	6	CS0234,CS0246
AggregationQueryPatterns_2	FAIL	7	CS0234,CS0246,CS0103
AggregationQueryPatterns_3	FAIL	6	CS0234,CS0246
AgreementDispatcher_1	FAIL	7	CS8635,CS1525,CS1001,CS0103,CS0246
AgreementDispatcher_10	FAIL	2	CS0103,CS0246
AgreementDispatcher_11	FAIL	5	CS0103,CS0246
AgreementDispatcher_12	FAIL	9	CS0103,CS0246
AgreementDispatcher_13	FAIL	3	CS0103,CS0246
AgreementDispatcher_14	FAIL	1	CS0103
AgreementDispatcher_2	FAIL	4	CS0103,CS0246
AgreementDispatcher_3	FAIL	4	CS0103,CS0246
AgreementDispatcher_4	FAIL	4	CS0103,CS0246
AgreementDispatcher_5	FAIL	4	CS0103,CS0246
AgreementDispatcher_6	FAIL	12	CS0103,CS0246
AgreementDispatcher_7	FAIL	1	CS0246
AgreementDispatcher_8	FAIL	6	CS0103,CS0246
AgreementDispatcher_9	FAIL	5	CS0103,CS0246
AgreementDispatcherRouting_1	FAIL	1	CS0103
AgreementDispatcherRouting_10	FAIL	5	CS0103,CS0246
AgreementDispatcherRouting_11	FAIL	8	CS0103,CS0246
AgreementDispatcherRouting_2	FAIL	1	CS0103
AgreementDispatcherRouting_3	FAIL	4	CS0103,CS0246
AgreementDispatcherRouting_4	FAIL	7	CS0103,CS0246
AgreementDispatcherRouting_5	FAIL	6	CS0103,CS0246
AgreementDispatcherRouting_6	FAIL	6	CS0103,CS0246
AgreementDispatcherRouting_7	FAIL	6	CS0103,CS0246
AgreementDispatcherRouting_8	FAIL	2	CS1002,CS0103
AgreementDispatcherRouting_9	FAIL	1	CS0103
AnalyzerSupport_1	CLEAN	0	
AnalyzerSupport_2	CLEAN	0	
AnalyzerSupport_3	FAIL	3	CS0246,CS0103
AnalyzerSupport_4	FAIL	3	CS0246,CS0103
AnalyzerSupport_5	FAIL	3	CS0246,CS0103
AnalyzerSupport_6	FAIL	3	CS0246,CS0103
AnalyzerSupport_7	CLEAN	0	
AnalyzerSupport_8	FAIL	3	CS0246,CS0103
AsyncAPISupport_1	FAIL	1	CS0103
AsyncAPISupport_10	FAIL	4	CS0103
AsyncAPISupport_11	FAIL	4	CS0246,CS0103
AsyncAPISupport_12	FAIL	4	CS0103,CS0246
AsyncAPISupport_2	FAIL	4	CS0103
AsyncAPISupport_3	FAIL	9	CS0103,CS0246
AsyncAPISupport_4	FAIL	6	CS0246,CS0103
AsyncAPISupport_5	CLEAN	0	
AsyncAPISupport_6	FAIL	3	CS1513,CS1002,CS0103
AsyncAPISupport_7	FAIL	3	CS1513,CS1002,CS0103
AsyncAPISupport_8	FAIL	5	CS0246,CS0535,CS0161
AsyncAPISupport_9	FAIL	4	CS0103,CS0246
AsyncDispatchARequest_1	FAIL	6	CS1513,CS0246,CS0103,CS0161
AsyncDispatchARequest_2	FAIL	2	CS0103,CS0246
AsyncDispatchARequest_3	FAIL	2	CS0103,CS0246
AsyncDispatchARequest_4	FAIL	4	CS0117,CS0103
AwsScheduler_1	FAIL	3	CS0246,CS0103
AwsScheduler_10	FAIL	9	CS0246,CS0103,CS0161
AwsScheduler_11	FAIL	2	CS0246,CS0103
AwsScheduler_12	FAIL	2	CS0246,CS0103
AwsScheduler_13	FAIL	13	CS1002,CS1513,CS9176
AwsScheduler_14	FAIL	13	CS1002,CS1513,CS9176
AwsScheduler_15	FAIL	7	CS0246,CS0103
AwsScheduler_16	FAIL	3	CS0246,CS0103
AwsScheduler_17	FAIL	2	CS1002,CS0103
AwsScheduler_18	FAIL	1	CS0103
AwsScheduler_19	CLEAN	0	
AwsScheduler_2	FAIL	9	CS0234,CS0103,CS0246
AwsScheduler_20	FAIL	2	CS0246,CS0103
AwsScheduler_21	FAIL	3	CS0246,CS0103
AwsScheduler_22	FAIL	6	CS0246,CS0841,CS0103
AwsScheduler_23	FAIL	6	CS1002,CS0103
AwsScheduler_24	FAIL	4	CS1002,CS0103
AwsScheduler_3	FAIL	20	CS0234,CS0103,CS0246
AwsScheduler_4	FAIL	8	CS0246,CS0103
AwsScheduler_5	FAIL	2	CS0246,CS0103
AwsScheduler_6	FAIL	2	CS0246,CS0103
AwsScheduler_7	FAIL	8	CS0246,CS0103,CS0161
AwsScheduler_8	FAIL	7	CS0246,CS0103,CS0161
AwsScheduler_9	FAIL	4	CS0103
AWSSQSConfiguration_1	CLEAN	0	
AWSSQSConfiguration_10	FAIL	10	CS0246,CS0103
AWSSQSConfiguration_2	FAIL	6	CS1002,CS0246,CS0103
AWSSQSConfiguration_3	CLEAN	0	
AWSSQSConfiguration_4	CLEAN	0	
AWSSQSConfiguration_5	CLEAN	0	
AWSSQSConfiguration_6	FAIL	8	CS0246,CS0103
AWSSQSConfiguration_7	FAIL	8	CS0246,CS0103
AWSSQSConfiguration_8	FAIL	12	CS0246,CS0103
AWSSQSConfiguration_9	FAIL	8	CS0246,CS0103
AWSSQSMigrateToV10_1	CLEAN	0	
AWSSQSMigrateToV10_2	FAIL	4	CS0246,CS0103
AWSSQSMigrateToV10_3	FAIL	4	CS0246,CS0103
AWSSQSMigrateToV10_4	FAIL	3	CS0103,CS0246
AWSSQSMigrateToV10_5	FAIL	4	CS0246,CS0128,CS0103
AWSSQSMigrateToV10_6	FAIL	7	CS0246,CS0103,CS0128
AWSSQSMigrateToV10_7	CLEAN	0	
AzureBlobArchiveProvider_1	FAIL	27	CS1002,CS1519,CS1001,CS8635,CS1513,CS1003
AzureBlobDistributedLock_1	FAIL	4	CS0246
AzureBlobDistributedLock_2	FAIL	2	CS1525,CS0103
AzureScheduler_1	CLEAN	0	
AzureScheduler_10	FAIL	7	CS0246,CS0103,CS0161
AzureScheduler_11	FAIL	4	CS0103
AzureScheduler_12	FAIL	4	CS0103,CS0246
AzureScheduler_13	FAIL	1	CS0246
AzureScheduler_14	FAIL	1	CS0246
AzureScheduler_15	FAIL	2	CS1002,CS0246
AzureScheduler_16	FAIL	2	CS1002,CS0246
AzureScheduler_17	FAIL	6	CS0103
AzureScheduler_18	FAIL	3	CS0103
AzureScheduler_19	FAIL	3	CS1002,CS1513
AzureScheduler_2	FAIL	1	CS0246
AzureScheduler_20	CLEAN	0	
AzureScheduler_21	CLEAN	0	
AzureScheduler_22	FAIL	5	CS0246
AzureScheduler_23	FAIL	2	CS0103,CS0246
AzureScheduler_24	FAIL	9	CS1002,CS0246,CS0103
AzureScheduler_25	FAIL	5	CS0246,CS0103
AzureScheduler_26	FAIL	13	CS8635,CS1003,CS0246,CS0825,CS0103,CS0161
AzureScheduler_3	FAIL	1	CS0246
AzureScheduler_4	FAIL	1	CS0246
AzureScheduler_5	FAIL	4	CS0103,CS0246
AzureScheduler_6	FAIL	12	CS0103,CS0246
AzureScheduler_7	FAIL	3	CS0246,CS0103
AzureScheduler_8	FAIL	4	CS0246,CS0103
AzureScheduler_9	FAIL	8	CS0246,CS0103,CS0161
AzureServiceBusConfiguration_1	FAIL	10	CS8635,CS1003,CS1002,CS0246,CS0103
AzureServiceBusConfiguration_2	FAIL	42	CS1026,CS1002,CS1513,CS0246,CS0103
BoxProvisioning_1	CLEAN	0	
BoxProvisioningConfiguration_1	FAIL	2	CS0103
BoxProvisioningConfiguration_2	FAIL	5	CS0246,CS0103
BoxProvisioningConfiguration_3	FAIL	1	CS0103
BoxProvisioningConfiguration_4	FAIL	1	CS0103
BoxProvisioningConfiguration_5	FAIL	3	CS0103
BoxProvisioningConfiguration_6	FAIL	3	CS0103
BoxProvisioningConfiguration_7	FAIL	3	CS0103
BoxProvisioningConfiguration_8	FAIL	3	CS0103
BoxProvisioningConfiguration_9	FAIL	3	CS0103
BrighterBasicConfiguration_1	FAIL	2	CS0103,CS0246
BrighterBasicConfiguration_2	FAIL	5	CS0234,CS0103,CS0246
BrighterBasicConfiguration_3	FAIL	19	CS1002,CS1519,CS1001,CS8635,CS1513,CS1022
BrighterBasicConfiguration_4	FAIL	35	CS1002,CS1519,CS8124,CS1026,CS1031,CS1022
BrighterBasicConfiguration_5	FAIL	5	CS0246,CS0103
BrighterControlAPI_1	FAIL	3	CS1026,CS1002,CS0103
BrighterInboxSupport_1	FAIL	10	CS0246,CS0103,CS0117
BrighterInboxSupport_2	FAIL	9	CS1002,CS0246,CS0103
BrighterOutboxSupport_1	FAIL	29	CS1520,CS0246,CS0103,CS0117
BrighterOutboxSupport_2	FAIL	13	CS0246,CS1106,CS0103
BrighterSchedulerSupport_1	FAIL	24	CS0246
BrighterSchedulerSupport_2	FAIL	10	CS0103,CS0246,CS0128
BrighterSchedulerSupport_3	FAIL	8	CS0103,CS0246,CS0128
BrighterSchedulerSupport_4	FAIL	5	CS0103,CS0246
BrighterSchedulerSupport_5	FAIL	6	CS8635,CS1002,CS1513,CS0103,CS0246
BrighterSchedulerSupport_6	FAIL	9	CS0246,CS0103
BrighterSchedulerSupport_7	FAIL	7	CS0246,CS0103
BuildingAnAsyncPipeline_1	CLEAN	0	
BuildingAnAsyncPipeline_2	FAIL	13	CS0246,CS0103
BuildingAnAsyncPipeline_3	FAIL	6	CS0246,CS0103,CS1729
BuildingAPipeline_1	FAIL	6	CS0234,CS0246,CS0103
BuildingAPipeline_2	FAIL	8	CS0246,CS0103
BuildingAPipeline_3	FAIL	6	CS0246,CS1729,CS0103
BuildingAPipeline_4	FAIL	6	CS0246,CS0103
CausationTrackingStores_1	FAIL	1	CS0117
CausationTrackingStores_2	FAIL	18	CS0246,CS0535,CS0103
ClaimCheck_1	FAIL	1	CS0246
ClaimCheck_2	FAIL	2	CS0246
ClaimCheck_3	CLEAN	0	
CloudEventsReference_1	FAIL	5	CS0246
CloudEventsReference_2	FAIL	5	CS0246
CloudEventsReference_3	FAIL	5	CS0246
CloudEventsReference_4	FAIL	5	CS0246
CloudEventsSupport_1	FAIL	6	CS0246,CS0103
CloudEventsSupport_10	FAIL	9	CS1002,CS0103,CS0246
CloudEventsSupport_11	FAIL	9	CS1002,CS0103,CS0246
CloudEventsSupport_12	FAIL	10	CS1002,CS0103,CS0246
CloudEventsSupport_13	FAIL	2	CS0103,CS0246
CloudEventsSupport_2	FAIL	6	CS0246
CloudEventsSupport_3	FAIL	17	CS0246,CS0103
CloudEventsSupport_4	FAIL	6	CS1525,CS1002,CS0246
CloudEventsSupport_5	FAIL	4	CS0246,CS0103,CS0117
CloudEventsSupport_6	FAIL	20	CS0246,CS0103
CloudEventsSupport_7	FAIL	3	CS0103,CS0128
CloudEventsSupport_8	FAIL	3	CS0103,CS0128
CloudEventsSupport_9	FAIL	9	CS1002,CS0246,CS0501
CommandProcessorConfigurationReference_1	FAIL	4	CS8635,CS1003,CS1002,CS0246
CommandProcessorConfigurationReference_10	FAIL	5	CS0246,CS0103
CommandProcessorConfigurationReference_11	FAIL	14	CS0246,CS0161
CommandProcessorConfigurationReference_12	FAIL	1	CS0103
CommandProcessorConfigurationReference_13	FAIL	3	CS8635,CS1003,CS0246
CommandProcessorConfigurationReference_14	FAIL	4	CS8635,CS1003,CS0246
CommandProcessorConfigurationReference_15	FAIL	5	CS8635,CS1002,CS1513,CS0246
CommandProcessorConfigurationReference_16	FAIL	9	CS0246,CS0103
CommandProcessorConfigurationReference_17	FAIL	6	CS8635,CS1003,CS1002,CS1513,CS0246
CommandProcessorConfigurationReference_18	FAIL	9	CS8635,CS1003,CS1002,CS1513,CS0246,CS0103
CommandProcessorConfigurationReference_19	FAIL	8	CS8635,CS1003,CS1002,CS1513,CS0246
CommandProcessorConfigurationReference_2	FAIL	2	CS0103
CommandProcessorConfigurationReference_20	FAIL	9	CS1520,CS0246,CS0103
CommandProcessorConfigurationReference_21	FAIL	3	CS1513,CS1002,CS0103
CommandProcessorConfigurationReference_22	FAIL	5	CS0246,CS0103
CommandProcessorConfigurationReference_3	FAIL	6	CS0246
CommandProcessorConfigurationReference_4	CLEAN	0	
CommandProcessorConfigurationReference_5	FAIL	5	CS1026,CS1513,CS0246,CS0103
CommandProcessorConfigurationReference_6	FAIL	3	CS0246
CommandProcessorConfigurationReference_7	FAIL	1	CS0246
CommandProcessorConfigurationReference_8	FAIL	2	CS0246
CommandProcessorConfigurationReference_9	FAIL	3	CS0246
Compression_1	FAIL	13	CS0246,CS0103
Compression_2	FAIL	8	CS0246,CS0103
ConfiguringOpenTelemetry_1	FAIL	2	CS0246,CS1061
ConfiguringOpenTelemetry_2	FAIL	3	CS1513,CS1002,CS0103
ConfiguringOpenTelemetry_3	FAIL	3	CS1513,CS1002,CS0103
ConfiguringOpenTelemetry_4	FAIL	3	CS1513,CS1002,CS0103
ConfiguringOpenTelemetry_5	FAIL	3	CS1513,CS1002,CS0103
ConfiguringOpenTelemetry_6	FAIL	5	CS0103,CS0246,CS1061
ConfiguringOpenTelemetry_7	FAIL	5	CS0103,CS0246,CS1061
CQRSUseCasesAndPatterns_1	FAIL	17	CS0246,CS0103
CQRSUseCasesAndPatterns_2	FAIL	21	CS0246,CS0116,CS0103,CS1729
CQRSWithBrighterAndDarker_1	FAIL	10	CS0246,CS0111,CS0103
CQRSWithBrighterAndDarker_10	FAIL	9	CS1031,CS1001,CS8635,CS0246,CS0103,CS0161
CQRSWithBrighterAndDarker_11	FAIL	9	CS1031,CS1001,CS8635,CS0246,CS0103,CS0161
CQRSWithBrighterAndDarker_12	FAIL	10	CS1031,CS1001,CS8635,CS0246,CS0103
CQRSWithBrighterAndDarker_2	FAIL	17	CS0246,CS0535,CS0103
CQRSWithBrighterAndDarker_3	FAIL	14	CS0234,CS0246
CQRSWithBrighterAndDarker_4	FAIL	10	CS0234,CS0103,CS0246
CQRSWithBrighterAndDarker_5	FAIL	23	CS0234,CS0246,CS0103
CQRSWithBrighterAndDarker_6	FAIL	4	CS0246,CS0535,CS0738,CS0103
CQRSWithBrighterAndDarker_7	FAIL	12	CS0246,CS7036,CS0103
CQRSWithBrighterAndDarker_8	FAIL	7	CS0234,CS0246
CQRSWithBrighterAndDarker_9	FAIL	17	CS0234,CS0246
CustomScheduler_1	FAIL	11	CS0246
CustomScheduler_2	FAIL	6	CS0246,CS0161
CustomScheduler_3	FAIL	13	CS0246,CS0103
CustomScheduler_4	FAIL	6	CS0246,CS0161
DapperOutbox_1	FAIL	1	CS0103
DapperOutbox_2	FAIL	16	CS0246,CS0103,CS0117
DarkerAndBrighterPipelines_1	FAIL	23	CS1031,CS1001,CS8635,CS1002,CS0246,CS0501
DarkerBasicConfiguration_1	FAIL	7	CS0234,CS0103,CS0246
DarkerBasicConfiguration_10	FAIL	7	CS0234,CS0103,CS0246
DarkerBasicConfiguration_11	FAIL	7	CS0234,CS0103,CS0246
DarkerBasicConfiguration_2	FAIL	7	CS0234,CS0103,CS0246
DarkerBasicConfiguration_3	FAIL	19	CS0234,CS0246,CS0103
DarkerBasicConfiguration_4	FAIL	5	CS0234,CS0246
DarkerBasicConfiguration_5	FAIL	4	CS0234,CS0246
DarkerBasicConfiguration_6	FAIL	5	CS0234,CS0103,CS0246
DarkerBasicConfiguration_7	FAIL	5	CS0234,CS0103,CS0246
DarkerBasicConfiguration_8	FAIL	33	CS1519,CS8124,CS1041,CS1001,CS1003,CS1002
DarkerBasicConfiguration_9	FAIL	7	CS0234,CS0103,CS0246
DarkerConfigurationReference_1	FAIL	2	CS0103,CS0246
DarkerConfigurationReference_2	FAIL	4	CS0234,CS0103,CS0246
DarkerConfigurationReference_3	FAIL	5	CS0103,CS0246
DarkerConfigurationReference_4	FAIL	12	CS0234,CS0246,CS0103
DefaultMessageMappers_1	FAIL	2	CS0103,CS0246
DefaultMessageMappers_10	FAIL	2	CS0103,CS0246
DefaultMessageMappers_11	FAIL	6	CS1002,CS0246
DefaultMessageMappers_12	FAIL	6	CS0246,CS0161
DefaultMessageMappers_13	FAIL	4	CS0103,CS0246
DefaultMessageMappers_2	FAIL	3	CS0103,CS0246
DefaultMessageMappers_3	FAIL	4	CS0103,CS0246
DefaultMessageMappers_4	FAIL	41	CS1519,CS8803,CS1022,CS0116,CS0246,CS8805
DefaultMessageMappers_5	FAIL	2	CS0103,CS0246
DefaultMessageMappers_6	FAIL	2	CS0103,CS0246
DefaultMessageMappers_7	FAIL	4	CS0103,CS0246
DefaultMessageMappers_8	FAIL	4	CS0103,CS0246
DefaultMessageMappers_9	FAIL	2	CS0103,CS0246
DispatcherConfigurationReference_1	FAIL	13	CS1002,CS1519,CS1031,CS8124,CS1026,CS8635
DispatcherConfigurationReference_2	FAIL	27	CS1002,CS1519,CS1001,CS8635,CS1022,CS1520
DispatcherConfigurationReference_3	FAIL	23	CS1002,CS1519,CS1001,CS8635,CS1022,CS1520
DispatcherConfigurationReference_4	FAIL	18	CS1002,CS1519,CS1001,CS8635,CS1022,CS1520
DispatcherConfigurationReference_5	FAIL	22	CS1002,CS1519,CS1001,CS1003,CS8635,CS1026
DispatchingARequest_1	FAIL	3	CS0103,CS0246
DispatchingARequest_2	FAIL	14	CS0246,CS0103
DispatchingARequest_3	FAIL	8	CS0246,CS0103,CS0161
DispatchingARequest_4	FAIL	6	CS0246,CS0103
DispatchingARequest_5	FAIL	2	CS0103,CS0246
DispatchingARequest_6	FAIL	2	CS0103,CS0246
DispatchingARequest_7	FAIL	2	CS0103,CS0246
DispatchingARequest_8	FAIL	22	CS0246,CS0103,CS0117
DistributedLock_1	FAIL	4	CS0246
DistributedLock_2	FAIL	3	CS0246,CS0103
DynamicMessageDeserialization_1	FAIL	6	CS0246,CS0103
DynamicMessageDeserialization_2	FAIL	6	CS1525,CS0246,CS0103
DynamicMessageDeserialization_3	FAIL	3	CS1002,CS0140
DynamicMessageDeserialization_4	FAIL	3	CS1002,CS0140
DynamicMessageDeserialization_5	FAIL	8	CS1002,CS0246
DynamicMessageDeserialization_6	FAIL	2	CS0246
DynamicMessageDeserialization_7	FAIL	6	CS0103,CS0246
DynamicMessageDeserialization_8	FAIL	1	CS0246
DynamicMessageDeserialization_9	FAIL	5	CS1525,CS0246
DynamoDbDistributedLock_1	FAIL	3	CS0246,CS0103
DynamoDbDistributedLock_2	FAIL	3	CS0246,CS0103
DynamoInbox_1	FAIL	18	CS1002,CS1519,CS1001,CS1003,CS8635,CS1513
DynamoOutbox_1	FAIL	2	CS0103
DynamoOutbox_2	FAIL	14	CS0246,CS0103,CS0117
DynamoOutbox_3	FAIL	9	CS0246,CS0103
DynamoOutbox_4	FAIL	1	CS0103
EFCoreOutbox_1	FAIL	6	CS8635,CS1003,CS1002,CS1513,CS0246
EFCoreOutbox_2	FAIL	17	CS0246,CS0103,CS0117
EFCoreQueryIntegration_1	FAIL	15	CS8635,CS0246,CS0115,CS0111,CS0103
EFCoreQueryIntegration_2	FAIL	7	CS8635,CS0234,CS0246,CS0115,CS0103
EFCoreQueryIntegration_3	FAIL	6	CS8635,CS0246,CS0115,CS0103
EFCoreQueryIntegration_4	FAIL	4	CS0234,CS0103,CS0246
EFCoreQueryIntegration_5	FAIL	12	CS0234,CS0246,CS0103
ErrorHandlingOptions_1	FAIL	9	CS0246,CS0103
ErrorHandlingOptions_2	FAIL	9	CS0246,CS0103
ErrorHandlingOptions_3	FAIL	9	CS0246,CS0103
ErrorHandlingOptions_4	FAIL	4	CS0246
ErrorHandlingOptions_5	FAIL	10	CS0246,CS0103
ErrorHandlingOptions_6	FAIL	10	CS0246,CS0103
FAQ_1	FAIL	1	CS0246
FAQ_10	FAIL	3	CS0246,CS0103
FAQ_11	FAIL	2	CS0103,CS0246
FAQ_12	FAIL	3	CS0246,CS0103
FAQ_13	FAIL	1	CS0103
FAQ_14	FAIL	4	CS0246
FAQ_15	FAIL	4	CS0246
FAQ_16	FAIL	18	CS0116,CS1026,CS1022,CS8803,CS8937,CS0246
FAQ_17	FAIL	12	CS1002,CS1513,CS0103,CS0246
FAQ_18	FAIL	4	CS0103
FAQ_19	FAIL	5	CS0103
FAQ_2	FAIL	7	CS0246,CS0103
FAQ_20	FAIL	2	CS1002,CS0246
FAQ_3	FAIL	7	CS8635,CS1003,CS0103
FAQ_4	FAIL	3	CS1002,CS0246,CS0103
FAQ_5	FAIL	3	CS8635,CS1003,CS0103
FAQ_6	FAIL	5	CS1002,CS0246
FAQ_7	FAIL	8	CS0246,CS0161
FAQ_8	FAIL	14	CS0246,CS0111,CS0103,CS0117
FAQ_9	FAIL	4	CS0103,CS0246
FeatureSwitches_1	FAIL	7	CS0246,CS0103
FeatureSwitches_2	FAIL	10	CS0246,CS0103,CS4032
FeatureSwitches_3	FAIL	7	CS0246,CS0103
FeatureSwitches_4	FAIL	9	CS0246,CS0103
FeatureSwitches_5	FAIL	5	CS0103,CS0246
FeatureSwitches_6	FAIL	12	CS0246,CS0103
FeatureSwitches_7	FAIL	3	CS0246,CS0103
FirestoreDistributedLock_1	FAIL	4	CS0246,CS0103
FirestoreDistributedLock_2	FAIL	5	CS1525,CS0246,CS0103
FirestoreInbox_1	CLEAN	0	
FirestoreOutbox_1	CLEAN	0	
GcpPubSubConfiguration_1	FAIL	3	CS0103,CS0246
HandlerFailure_1	FAIL	7	CS0246,CS0103
HandlerFailure_10	FAIL	11	CS0246,CS0103
HandlerFailure_11	FAIL	13	CS0246,CS0103
HandlerFailure_2	FAIL	9	CS0246,CS0103
HandlerFailure_3	FAIL	8	CS0246
HandlerFailure_4	FAIL	7	CS0246
HandlerFailure_5	FAIL	9	CS0246,CS0103
HandlerFailure_6	FAIL	8	CS0246,CS0103
HandlerFailure_7	FAIL	9	CS0246
HandlerFailure_8	FAIL	9	CS0246,CS0103
HandlerFailure_9	FAIL	13	CS0246,CS0103,CS0161
HandlingLargeMessages_1	FAIL	5	CS0103,CS0246
HandlingLargeMessages_2	FAIL	4	CS0246
HandlingLargeMessages_3	FAIL	2	CS0103,CS0246
HandlingLargeMessages_4	FAIL	3	CS0103
HandlingPoisonMessages_1	FAIL	1	CS0246
HandlingPoisonMessages_2	FAIL	3	CS0246
HandlingPoisonMessages_3	FAIL	2	CS0103,CS0246
HandlingPoisonMessages_4	FAIL	1	CS0103
HandlingPoisonMessages_5	FAIL	1	CS0103
HandlingPoisonMessages_6	FAIL	4	CS0103
HangfireScheduler_1	FAIL	4	CS0234,CS0103
HangfireScheduler_10	FAIL	1	CS0103
HangfireScheduler_11	FAIL	23	CS0116,CS1031,CS8124,CS1026,CS1022,CS1002
HangfireScheduler_12	FAIL	3	CS0103,CS0246
HangfireScheduler_13	FAIL	8	CS0246,CS0103,CS0161
HangfireScheduler_14	FAIL	4	CS0103
HangfireScheduler_15	FAIL	7	CS0246,CS0103,CS0161
HangfireScheduler_16	FAIL	7	CS1002,CS1513,CS0103
HangfireScheduler_17	FAIL	19	CS0116,CS1031,CS8124,CS1026,CS1001,CS1003
HangfireScheduler_18	FAIL	23	CS0116,CS8124,CS1022,CS1031,CS1026,CS0246
HangfireScheduler_19	FAIL	3	CS0103
HangfireScheduler_2	FAIL	7	CS0234,CS0103,CS0246
HangfireScheduler_20	FAIL	4	CS0103,CS0246
HangfireScheduler_21	FAIL	5	CS1513,CS1002,CS0103,CS0246
HangfireScheduler_22	FAIL	9	CS0103
HangfireScheduler_23	FAIL	3	CS0103
HangfireScheduler_24	CLEAN	0	
HangfireScheduler_25	FAIL	3	CS0103,CS0128
HangfireScheduler_26	FAIL	1	CS0103
HangfireScheduler_27	FAIL	3	CS0103,CS0246
HangfireScheduler_28	CLEAN	0	
HangfireScheduler_29	FAIL	4	CS0103,CS0246
HangfireScheduler_3	FAIL	7	CS0234,CS0103,CS0246
HangfireScheduler_4	FAIL	2	CS0103,CS0246
HangfireScheduler_5	FAIL	7	CS0234,CS0103,CS0246
HangfireScheduler_6	FAIL	2	CS0234,CS0103
HangfireScheduler_7	FAIL	10	CS0234,CS0103,CS0246
HangfireScheduler_8	FAIL	6	CS0234,CS0103,CS0246
HangfireScheduler_9	FAIL	2	CS0234,CS0103
HealthChecks_1	FAIL	4	CS0103,CS0246
HowConfiguringTheCommandProcessorWorks_1	FAIL	3	CS0246
HowConfiguringTheCommandProcessorWorks_10	FAIL	3	CS0103
HowConfiguringTheCommandProcessorWorks_2	FAIL	4	CS1002,CS0246
HowConfiguringTheCommandProcessorWorks_3	FAIL	7	CS0246
HowConfiguringTheCommandProcessorWorks_4	FAIL	4	CS0103
HowConfiguringTheCommandProcessorWorks_5	FAIL	14	CS0246,CS0103,CS0117
HowConfiguringTheCommandProcessorWorks_6	FAIL	9	CS0246,CS0103,CS0161
HowConfiguringTheCommandProcessorWorks_7	FAIL	11	CS0103,CS0246
HowConfiguringTheCommandProcessorWorks_8	FAIL	14	CS0246,CS0103,CS0117
HowConfiguringTheCommandProcessorWorks_9	FAIL	15	CS0246,CS0103,CS0117
HowConfiguringTheDispatcherWorks_1	FAIL	4	CS0246,CS0103
HowConfiguringTheDispatcherWorks_2	FAIL	7	CS0103,CS0246
HowConfiguringTheDispatcherWorks_3	FAIL	5	CS0246
HowServiceActivatorWorks_1	FAIL	8	CS0246,CS0103,CS0128
HowServiceActivatorWorks_10	FAIL	3	CS0246,CS0103
HowServiceActivatorWorks_11	FAIL	2	CS1002,CS0103
HowServiceActivatorWorks_12	FAIL	2	CS0103,CS0246
HowServiceActivatorWorks_13	FAIL	6	CS0103,CS0246
HowServiceActivatorWorks_14	FAIL	2	CS1002,CS0103
HowServiceActivatorWorks_15	FAIL	2	CS1002,CS0246
HowServiceActivatorWorks_16	FAIL	8	CS0246,CS0117
HowServiceActivatorWorks_17	FAIL	1	CS1002
HowServiceActivatorWorks_2	FAIL	3	CS0103
HowServiceActivatorWorks_3	FAIL	3	CS0103
HowServiceActivatorWorks_4	FAIL	4	CS0246,CS0103
HowServiceActivatorWorks_5	FAIL	4	CS0246,CS0103
HowServiceActivatorWorks_6	FAIL	4	CS0103
HowServiceActivatorWorks_7	FAIL	4	CS0246
HowServiceActivatorWorks_8	FAIL	5	CS0246,CS0103
HowServiceActivatorWorks_9	FAIL	4	CS0103,CS0246
ImplementAQueryHandler_1	FAIL	2	CS0234,CS0246
ImplementAQueryHandler_10	FAIL	15	CS0101,CS0246,CS0103
ImplementAQueryHandler_11	FAIL	3	CS0246
ImplementAQueryHandler_12	FAIL	10	CS0234,CS0246
ImplementAQueryHandler_13	FAIL	4	CS0234,CS0103,CS0246
ImplementAQueryHandler_14	FAIL	4	CS0103,CS0246
ImplementAQueryHandler_15	FAIL	15	CS0234,CS0246,CS0103
ImplementAQueryHandler_16	FAIL	6	CS0246,CS0103
ImplementAQueryHandler_17	FAIL	9	CS0246,CS0103
ImplementAQueryHandler_18	FAIL	10	CS0246,CS0103
ImplementAQueryHandler_19	FAIL	8	CS0246,CS0103
ImplementAQueryHandler_2	FAIL	2	CS0234,CS0246
ImplementAQueryHandler_20	FAIL	9	CS0246,CS0103
ImplementAQueryHandler_21	FAIL	4	CS0246,CS1729
ImplementAQueryHandler_22	FAIL	12	CS0246,CS0103
ImplementAQueryHandler_3	FAIL	5	CS0234,CS0246
ImplementAQueryHandler_4	FAIL	6	CS1002,CS0246,CS1994
ImplementAQueryHandler_5	FAIL	5	CS0246
ImplementAQueryHandler_6	FAIL	12	CS0234,CS0246
ImplementAQueryHandler_7	FAIL	6	CS0234,CS0246
ImplementAQueryHandler_8	FAIL	4	CS1002,CS0246,CS0501
ImplementAQueryHandler_9	FAIL	14	CS0234,CS0246
ImplementingAHandler_1	FAIL	3	CS0246,CS0103,CS1729
ImplementingAHandler_2	FAIL	5	CS0246,CS0103
ImplementingAsyncHandler_1	FAIL	4	CS0246,CS0103,CS1729
ImplementingAsyncHandler_2	FAIL	9	CS0246,CS0103
ImplementingExternalBus_1	FAIL	7	CS0246,CS0103
ImplementingExternalBus_2	FAIL	13	CS0246,CS0103
ImplementingExternalBus_3	FAIL	23	CS0246,CS0103,CS1729
InMemoryInbox_1	FAIL	2	CS0246,CS0103
InMemoryInbox_2	FAIL	11	CS0246
InMemoryOptions_1	FAIL	4	CS0246
InMemoryOptions_2	FAIL	30	CS1519,CS0246,CS0106,CS1520,CS0111,CS0103
InMemoryOptions_3	FAIL	13	CS0308,CS0246,CS0103
InMemoryOutbox_1	FAIL	2	CS1525,CS0103
InMemoryOutbox_2	FAIL	13	CS0246
InMemoryScheduler_1	FAIL	15	CS8635,CS1002,CS1513,CS1525,CS0246,CS0103
InMemoryScheduler_10	FAIL	4	CS0103,CS0246
InMemoryScheduler_11	FAIL	2	CS0103,CS0246
InMemoryScheduler_12	FAIL	2	CS0103,CS0246
InMemoryScheduler_13	FAIL	6	CS0103
InMemoryScheduler_14	FAIL	12	CS0246,CS0103,CS0161
InMemoryScheduler_15	FAIL	6	CS0103,CS0246
InMemoryScheduler_16	FAIL	9	CS0103,CS0246
InMemoryScheduler_2	FAIL	6	CS0246,CS0103,CS0161
InMemoryScheduler_3	FAIL	3	CS0103
InMemoryScheduler_4	FAIL	29	CS1519,CS8124,CS1026,CS1022,CS1001,CS1003
InMemoryScheduler_5	FAIL	18	CS0116,CS8124,CS1026,CS1022,CS8635,CS8803
InMemoryScheduler_6	FAIL	8	CS0246,CS0103,CS0161
InMemoryScheduler_7	FAIL	7	CS0246,CS0103,CS0161
InMemoryScheduler_8	FAIL	4	CS0103
InMemoryScheduler_9	FAIL	12	CS0246,CS0103
InMemoryTransport_1	FAIL	1	CS0246
InMemoryTransport_2	FAIL	3	CS0103
InMemoryTransport_3	FAIL	4	CS0246,CS0103
InMemoryTransport_4	FAIL	3	CS0246
KafkaConfiguration_1	FAIL	8	CS8635,CS1003,CS1002,CS1513,CS0103
KafkaConfiguration_10	FAIL	1	CS1002
KafkaConfiguration_11	FAIL	1	CS1002
KafkaConfiguration_12	FAIL	1	CS1002
KafkaConfiguration_13	FAIL	1	CS1002
KafkaConfiguration_14	FAIL	8	CS0246,CS0103
KafkaConfiguration_15	FAIL	4	CS0246,CS0103
KafkaConfiguration_16	FAIL	10	CS0246,CS0103
KafkaConfiguration_17	FAIL	7	CS0246,CS0103
KafkaConfiguration_18	FAIL	1	CS1002
KafkaConfiguration_19	FAIL	4	CS0246,CS0103
KafkaConfiguration_2	FAIL	9	CS8635,CS1003,CS1002,CS1513,CS0103
KafkaConfiguration_20	FAIL	21	CS0246,CS0103
KafkaConfiguration_3	FAIL	6	CS8635,CS1003,CS1002,CS0103
KafkaConfiguration_4	FAIL	8	CS8635,CS1002,CS1513,CS0246,CS0103,CS0161
KafkaConfiguration_5	FAIL	6	CS1002,CS0246,CS0103
KafkaConfiguration_6	FAIL	10	CS1002,CS8635,CS1003,CS0246,CS0103
KafkaConfiguration_7	FAIL	17	CS8635,CS1003,CS0246,CS0103
KafkaConfiguration_8	FAIL	15	CS8635,CS1003,CS0246,CS0103
KafkaConfiguration_9	FAIL	1	CS1002
Logging_1	CLEAN	0	
Logging_2	CLEAN	0	
Logging_3	FAIL	2	CS0103,CS0246
Logging_4	FAIL	1	CS1061
Logging_5	FAIL	2	CS8795,CS0246
MessageMappers_1	FAIL	4	CS0246
MessageMappers_2	FAIL	5	CS1513,CS1520,CS0246,CS0103
MessageMappers_3	FAIL	1	CS0103
MessageMappers_4	FAIL	14	CS0106,CS1001,CS1513,CS1520,CS0246,CS0103
MessageMappers_5	FAIL	16	CS0246,CS0103
MessageMappers_6	FAIL	5	CS0246,CS0103
MessageTransforms_1	FAIL	9	CS0246
MessageTransforms_2	FAIL	11	CS0246,CS0103
MessageTransforms_3	FAIL	7	CS0246,CS0103
MessageTransforms_4	FAIL	3	CS1513,CS0246
MessageTransforms_5	FAIL	4	CS0246,CS1729
MessageTransforms_6	FAIL	21	CS0246,CS0103
MessageTransforms_7	FAIL	22	CS0246,CS0103
MessageTransforms_8	FAIL	30	CS0246,CS0103
MigratingToNullableReferenceTypes_1	CLEAN	0	
MigratingToNullableReferenceTypes_10	FAIL	1	CS0103
MigratingToNullableReferenceTypes_11	FAIL	1	CS0103
MigratingToNullableReferenceTypes_12	FAIL	1	CS0103
MigratingToNullableReferenceTypes_13	CLEAN	0	
MigratingToNullableReferenceTypes_14	CLEAN	0	
MigratingToNullableReferenceTypes_15	CLEAN	0	
MigratingToNullableReferenceTypes_16	CLEAN	0	
MigratingToNullableReferenceTypes_17	CLEAN	0	
MigratingToNullableReferenceTypes_18	CLEAN	0	
MigratingToNullableReferenceTypes_19	CLEAN	0	
MigratingToNullableReferenceTypes_2	CLEAN	0	
MigratingToNullableReferenceTypes_20	CLEAN	0	
MigratingToNullableReferenceTypes_21	FAIL	8	CS0246
MigratingToNullableReferenceTypes_22	FAIL	9	CS0246,CS0103
MigratingToNullableReferenceTypes_3	CLEAN	0	
MigratingToNullableReferenceTypes_4	FAIL	3	CS0116,CS0825,CS0246
MigratingToNullableReferenceTypes_5	CLEAN	0	
MigratingToNullableReferenceTypes_6	CLEAN	0	
MigratingToNullableReferenceTypes_7	FAIL	2	CS0825,CS0246
MigratingToNullableReferenceTypes_8	FAIL	1	CS0103
MigratingToNullableReferenceTypes_9	FAIL	2	CS0103
MigratingToPollyV8_1	FAIL	6	CS0246,CS0103,CS1061
MigratingToPollyV8_10	FAIL	7	CS0246,CS0161
MigratingToPollyV8_11	FAIL	15	CS0246,CS0103
MigratingToPollyV8_12	FAIL	24	CS0116,CS1026,CS1022,CS0246,CS0103
MigratingToPollyV8_2	FAIL	1	CS0246
MigratingToPollyV8_3	FAIL	9	CS0246,CS0161
MigratingToPollyV8_4	FAIL	9	CS0246,CS0161
MigratingToPollyV8_5	FAIL	2	CS0103
MigratingToPollyV8_6	FAIL	3	CS0103
MigratingToPollyV8_7	FAIL	7	CS0246,CS0161
MigratingToPollyV8_8	FAIL	6	CS0246,CS0103,CS1061
MigratingToPollyV8_9	FAIL	5	CS0103,CS0246
MongoDbDistributedLock_1	FAIL	4	CS0246,CS0103
MongoDbDistributedLock_2	FAIL	5	CS1525,CS0246,CS0103
MongoDBInbox_1	FAIL	8	CS0246,CS0103
MongoDBInbox_2	FAIL	13	CS0246,CS0103
MongoDBInbox_3	FAIL	6	CS0246,CS0103
MongoDBInbox_4	FAIL	4	CS1002,CS0103,CS0246
MongoDBOutbox_1	FAIL	5	CS0246,CS0103
MongoDBOutbox_2	FAIL	12	CS0246,CS0103
MongoDBOutbox_3	FAIL	5	CS0246,CS0103
MongoDBOutbox_4	FAIL	4	CS1002,CS0103,CS0246
MongoDBOutbox_5	FAIL	18	CS0246
Monitoring_1	FAIL	3	CS1525,CS1002,CS7014
Monitoring_2	FAIL	5	CS1002,CS0103,CS0246
MQTTConfiguration_1	FAIL	3	CS0103,CS0246
MsSqlDistributedLock_1	FAIL	3	CS0246
MsSqlDistributedLock_2	FAIL	3	CS1525,CS0246,CS0103
MSSQLInbox_1	FAIL	20	CS1002,CS1519,CS1001,CS8635,CS1513,CS1022
MSSQLMessageBroker_1	FAIL	3	CS0103,CS0246
MSSQLOutbox_1	CLEAN	0	
MSSQLOutbox_2	FAIL	3	CS0246,CS0103
MSSQLOutbox_3	FAIL	7	CS0116,CS0246,CS1729
MSSQLTransportInboxAndOutbox_1	CLEAN	0	
MSSQLTransportInboxAndOutbox_10	FAIL	3	CS0103
MSSQLTransportInboxAndOutbox_2	CLEAN	0	
MSSQLTransportInboxAndOutbox_3	CLEAN	0	
MSSQLTransportInboxAndOutbox_4	FAIL	2	CS0103
MSSQLTransportInboxAndOutbox_5	FAIL	4	CS0103,CS0246
MSSQLTransportInboxAndOutbox_6	FAIL	4	CS0246,CS0103
MSSQLTransportInboxAndOutbox_7	FAIL	4	CS0103
MSSQLTransportInboxAndOutbox_8	FAIL	3	CS0246
MSSQLTransportInboxAndOutbox_9	FAIL	4	CS0246
MySqlDistributedLock_1	FAIL	3	CS0246
MySqlDistributedLock_2	FAIL	3	CS1525,CS0246,CS0103
MySQLInbox_1	FAIL	20	CS1002,CS1519,CS1001,CS8635,CS1513,CS1022
MySQLOutbox_1	FAIL	2	CS0103
MySQLOutbox_2	FAIL	3	CS0246,CS0103
MySQLOutbox_3	FAIL	8	CS8635,CS1002,CS0246,CS1729
NullableReferenceTypes_1	FAIL	1	CS0128
NullableReferenceTypes_10	FAIL	5	CS0103,CS0246,CS0128
NullableReferenceTypes_11	FAIL	7	CS0103,CS0128
NullableReferenceTypes_12	FAIL	2	CS0116,CS0825
NullableReferenceTypes_13	FAIL	6	CS0246,CS0103,CS1729
NullableReferenceTypes_14	FAIL	7	CS0246,CS0103,CS1729
NullableReferenceTypes_15	FAIL	9	CS0246
NullableReferenceTypes_16	CLEAN	0	
NullableReferenceTypes_2	FAIL	1	CS0103
NullableReferenceTypes_3	FAIL	5	CS0246,CS0103,CS1729
NullableReferenceTypes_4	FAIL	9	CS0246
NullableReferenceTypes_5	FAIL	16	CS0246,CS0103
NullableReferenceTypes_6	FAIL	6	CS0246,CS0103,CS1729
NullableReferenceTypes_7	FAIL	11	CS0246,CS0103
NullableReferenceTypes_8	CLEAN	0	
NullableReferenceTypes_9	FAIL	2	CS0246
OutboxArchiver_1	FAIL	4	CS1513,CS0246,CS0103
OutboxArchiver_2	FAIL	7	CS1525,CS0246,CS0103
OutboxArchiver_3	FAIL	2	CS0103,CS0246
OutboxArchiver_4	FAIL	13	CS0246,CS0103
PaginationQueryPatterns_1	FAIL	2	CS0234,CS0246
PaginationQueryPatterns_2	FAIL	14	CS0234,CS0246
PaginationQueryPatterns_3	FAIL	3	CS0234,CS0246
PaginationQueryPatterns_4	FAIL	14	CS0234,CS0246
ParameterizedQueryPatterns_1	FAIL	7	CS0234,CS0246
ParameterizedQueryPatterns_2	FAIL	9	CS0234,CS0246
ParameterizedQueryPatterns_3	FAIL	2	CS0234,CS0246
ParameterizedQueryPatterns_4	FAIL	12	CS0234,CS0246
ParameterizedQueryPatterns_5	FAIL	2	CS0234,CS0246
ParameterizedQueryPatterns_6	FAIL	10	CS0234,CS0246
PipelineValidation_1	FAIL	3	CS0103,CS0246
PipelineValidation_10	FAIL	12	CS1031,CS1001,CS8635,CS1002,CS0246,CS1994
PipelineValidation_11	FAIL	10	CS8635,CS1519,CS0116,CS8124,CS1026,CS1022
PipelineValidation_12	FAIL	4	CS1002,CS0246,CS0103
PipelineValidation_13	FAIL	8	CS1513,CS1002,CS8635,CS1003,CS0103,CS0246
PipelineValidation_14	FAIL	4	CS1513,CS1002,CS0103,CS0246
PipelineValidation_15	FAIL	27	CS8635,CS1002,CS1513,CS1519,CS8124,CS1001
PipelineValidation_16	FAIL	1	CS0103
PipelineValidation_2	FAIL	1	CS0103
PipelineValidation_3	FAIL	3	CS1513,CS1002,CS0103
PipelineValidation_4	FAIL	3	CS1513,CS1002,CS0103
PipelineValidation_5	FAIL	5	CS1513,CS1002,CS0103
PipelineValidation_6	FAIL	4	CS1513,CS1002,CS0103
PipelineValidation_7	FAIL	9	CS0246,CS0161
PipelineValidation_8	FAIL	9	CS0246,CS0161
PipelineValidation_9	FAIL	12	CS1031,CS1001,CS8635,CS1002,CS0246,CS1994
PolicyFallback_1	FAIL	25	CS0246,CS0103
PolicyFallback_10	FAIL	40	CS0116,CS1026,CS1022,CS8124,CS8803,CS1002
PolicyFallback_2	FAIL	14	CS0246,CS0161,CS0103
PolicyFallback_3	FAIL	9	CS0246,CS0161
PolicyFallback_4	FAIL	5	CS0246,CS0161
PolicyFallback_5	FAIL	7	CS0246,CS0161
PolicyFallback_6	FAIL	13	CS0246,CS0103,CS0117
PolicyFallback_7	FAIL	14	CS0246,CS0103,CS0117
PolicyFallback_8	FAIL	17	CS0246,CS0103
PolicyFallback_9	FAIL	17	CS0246,CS0103,CS0117
PolicyRetryAndCircuitBreaker_1	FAIL	6	CS0246
PolicyRetryAndCircuitBreaker_10	FAIL	12	CS0246
PolicyRetryAndCircuitBreaker_11	FAIL	4	CS0246,CS0103
PolicyRetryAndCircuitBreaker_12	FAIL	1	CS0103
PolicyRetryAndCircuitBreaker_13	FAIL	1	CS0103
PolicyRetryAndCircuitBreaker_14	FAIL	9	CS0246,CS0103
PolicyRetryAndCircuitBreaker_15	FAIL	1	CS0103
PolicyRetryAndCircuitBreaker_16	FAIL	3	CS0103
PolicyRetryAndCircuitBreaker_17	FAIL	3	CS0103,CS0246
PolicyRetryAndCircuitBreaker_18	FAIL	2	CS1525,CS0103
PolicyRetryAndCircuitBreaker_19	FAIL	3	CS1525,CS0246,CS0103
PolicyRetryAndCircuitBreaker_2	FAIL	3	CS0246
PolicyRetryAndCircuitBreaker_3	FAIL	1	CS0246
PolicyRetryAndCircuitBreaker_4	FAIL	1	CS0103
PolicyRetryAndCircuitBreaker_5	FAIL	1	CS0103
PolicyRetryAndCircuitBreaker_6	FAIL	6	CS0246
PolicyRetryAndCircuitBreaker_7	FAIL	1	CS0103
PolicyRetryAndCircuitBreaker_8	FAIL	6	CS0246
PolicyRetryAndCircuitBreaker_9	FAIL	8	CS0246
PostgresDistributedLock_1	FAIL	2	CS0246
PostgresDistributedLock_2	FAIL	2	CS1525,CS0103
PostgresInbox_1	FAIL	20	CS1002,CS1519,CS1001,CS8635,CS1513,CS1022
PostgresOutbox_1	CLEAN	0	
PostgresOutbox_2	FAIL	3	CS0246,CS0103
PostgresOutbox_3	FAIL	7	CS0116,CS0246,CS1729
PostgreSQLBrokerTradeOffs_1	FAIL	5	CS0246,CS0103,CS0128
PostgreSQLMessageBroker_1	FAIL	2	CS0246,CS0103
PostgreSQLMessageBroker_10	FAIL	3	CS0246,CS0103
PostgreSQLMessageBroker_11	CLEAN	0	
PostgreSQLMessageBroker_12	FAIL	4	CS0246
PostgreSQLMessageBroker_13	FAIL	4	CS0246
PostgreSQLMessageBroker_2	FAIL	8	CS0246,CS0103,CS0161
PostgreSQLMessageBroker_3	FAIL	6	CS0246,CS0103,CS1503
PostgreSQLMessageBroker_4	FAIL	10	CS0246
PostgreSQLMessageBroker_5	FAIL	3	CS0246,CS0103
PostgreSQLMessageBroker_6	FAIL	4	CS0246,CS0103
PostgreSQLMessageBroker_7	FAIL	7	CS0246,CS0161
PostgreSQLMessageBroker_8	FAIL	1	CS0103
PostgreSQLMessageBroker_9	FAIL	2	CS0246,CS0103
PostgreSQLTransportAndOutbox_1	CLEAN	0	
PostgreSQLTransportAndOutbox_2	CLEAN	0	
PostgreSQLTransportAndOutbox_3	FAIL	2	CS0103
PostgreSQLTransportAndOutbox_4	FAIL	4	CS0103,CS0246
PostgreSQLTransportAndOutbox_5	FAIL	5	CS0246,CS0103
PostgreSQLTransportAndOutbox_6	FAIL	4	CS0246
PostgreSQLTransportAndOutbox_7	FAIL	2	CS0103
ProjectionQueryPatterns_1	FAIL	6	CS0234,CS0246
ProjectionQueryPatterns_2	FAIL	8	CS0234,CS0246
ProjectionQueryPatterns_3	FAIL	3	CS1513,CS1002,CS0103
ProjectionQueryPatterns_4	CLEAN	0	
QuartzScheduler_1	FAIL	4	CS0103,CS1061
QuartzScheduler_10	FAIL	1	CS0103
QuartzScheduler_11	FAIL	8	CS0246,CS0103,CS0161
QuartzScheduler_12	FAIL	4	CS0103
QuartzScheduler_13	FAIL	7	CS0246,CS0103,CS0161
QuartzScheduler_14	FAIL	1	CS0103
QuartzScheduler_15	FAIL	28	CS0116,CS8124,CS1026,CS1022,CS8803,CS8937
QuartzScheduler_16	FAIL	20	CS0116,CS8124,CS1022,CS1031,CS1026,CS0246
QuartzScheduler_17	FAIL	1	CS0103
QuartzScheduler_18	FAIL	1	CS0103
QuartzScheduler_19	FAIL	9	CS0103
QuartzScheduler_2	FAIL	5	CS0103,CS0246
QuartzScheduler_20	FAIL	2	CS0103
QuartzScheduler_21	FAIL	5	CS0103
QuartzScheduler_22	FAIL	4	CS0103,CS0246
QuartzScheduler_23	FAIL	3	CS0103,CS0128
QuartzScheduler_24	FAIL	1	CS1002
QuartzScheduler_25	FAIL	3	CS0103,CS0246
QuartzScheduler_26	FAIL	1	CS0103
QuartzScheduler_27	FAIL	3	CS1002,CS0103
QuartzScheduler_3	FAIL	1	CS0103
QuartzScheduler_4	FAIL	1	CS0103
QuartzScheduler_5	FAIL	1	CS0103
QuartzScheduler_6	FAIL	1	CS0103
QuartzScheduler_7	FAIL	1	CS0103
QuartzScheduler_8	FAIL	2	CS1002,CS0103
QuartzScheduler_9	FAIL	2	CS0246,CS0103
QueriesAndQueryObjects_1	CLEAN	0	
QueriesAndQueryObjects_10	FAIL	2	CS0246
QueriesAndQueryObjects_11	FAIL	5	CS0246
QueriesAndQueryObjects_12	FAIL	4	CS0246
QueriesAndQueryObjects_13	FAIL	4	CS1002,CS0246,CS0103
QueriesAndQueryObjects_14	FAIL	4	CS1002,CS0246,CS0103
QueriesAndQueryObjects_15	FAIL	4	CS1002,CS0246,CS0103
QueriesAndQueryObjects_16	FAIL	4	CS1002,CS0246,CS0103
QueriesAndQueryObjects_17	FAIL	2	CS1002,CS0246
QueriesAndQueryObjects_18	FAIL	16	CS0246
QueriesAndQueryObjects_19	FAIL	8	CS0234,CS0246
QueriesAndQueryObjects_2	FAIL	2	CS0234,CS0246
QueriesAndQueryObjects_20	FAIL	5	CS0246
QueriesAndQueryObjects_21	FAIL	3	CS0246
QueriesAndQueryObjects_22	FAIL	1	CS0246
QueriesAndQueryObjects_23	FAIL	5	CS0246
QueriesAndQueryObjects_3	FAIL	2	CS0234,CS0246
QueriesAndQueryObjects_4	FAIL	5	CS0234,CS0246
QueriesAndQueryObjects_5	FAIL	3	CS0246
QueriesAndQueryObjects_6	FAIL	4	CS0246
QueriesAndQueryObjects_7	FAIL	2	CS0246
QueriesAndQueryObjects_8	FAIL	4	CS0116,CS0825,CS0246
QueriesAndQueryObjects_9	FAIL	2	CS0246
QueryHandlerDependencies_1	FAIL	11	CS0234,CS0246
QueryHandlerDependencies_2	FAIL	10	CS0234,CS0246
QueryHandlerDependencies_3	FAIL	2	CS0103,CS0246
QueryHandlerDependencies_4	FAIL	16	CS0246
QueryObjectValidation_1	FAIL	4	CS0234,CS0246
QueryObjectValidation_2	FAIL	4	CS0234,CS0246
QueryObjectValidation_3	FAIL	11	CS0246
QueryPatterns_1	FAIL	3	CS1513,CS1002,CS0103
QueryPatterns_2	FAIL	6	CS0103,CS0128
QueryPatterns_3	FAIL	12	CS0246,CS0111,CS0103
QueryPatterns_4	FAIL	16	CS0234,CS0246
QueryPatterns_5	FAIL	26	CS0246,CS0103
QueryPipeline_1	FAIL	13	CS0234,CS0246,CS0161
QueryPipeline_10	FAIL	15	CS0234,CS0246
QueryPipeline_11	FAIL	17	CS0234,CS0246
QueryPipeline_12	FAIL	3	CS1525,CS1002,CS7014
QueryPipeline_13	FAIL	17	CS1031,CS1001,CS8635,CS0246,CS0161,CS0103
QueryPipeline_14	FAIL	3	CS1525,CS1002,CS7014
QueryPipeline_15	FAIL	9	CS1002,CS1513,CS0103
QueryPipeline_16	FAIL	3	CS1525,CS1002,CS7014
QueryPipeline_17	FAIL	3	CS1525,CS1002,CS7014
QueryPipeline_18	FAIL	2	CS0103,CS0246
QueryPipeline_19	FAIL	2	CS0103,CS0246
QueryPipeline_2	FAIL	6	CS0234,CS0103,CS0246
QueryPipeline_20	FAIL	3	CS1525,CS1002,CS7014
QueryPipeline_21	FAIL	5	CS1525,CS1002,CS0103,CS7014
QueryPipeline_22	FAIL	9	CS1031,CS1001,CS8635,CS0246,CS0161
QueryPipeline_23	FAIL	17	CS1031,CS1001,CS8635,CS0246,CS0161,CS0103
QueryPipeline_24	FAIL	6	CS1031,CS1001,CS8635,CS0246,CS0103
QueryPipeline_25	FAIL	6	CS1031,CS1001,CS8635,CS0246,CS0103
QueryPipeline_3	FAIL	9	CS0234,CS0246
QueryPipeline_4	FAIL	6	CS0234,CS0103,CS0246
QueryPipeline_5	FAIL	12	CS0234,CS0246
QueryPipeline_6	FAIL	6	CS0234,CS0103,CS0246
QueryPipeline_7	FAIL	15	CS0234,CS0246
QueryPipeline_8	FAIL	7	CS0246,CS0161
QueryPipeline_9	FAIL	12	CS0234,CS0246
QueryPipelinePolicies_1	FAIL	6	CS0234,CS0103,CS0246
QueryPipelinePolicies_2	FAIL	35	CS1519,CS8124,CS1041,CS1001,CS1003,CS1002
QueryPipelinePolicies_3	CLEAN	0	
QueryPipelinePolicies_4	FAIL	3	CS0103,CS0246
QueryPipelinePolicies_5	FAIL	4	CS0103,CS0246
QueryPipelinePolicies_6	FAIL	3	CS0103,CS0246
QueryResultTypes_1	FAIL	3	CS0246
QueryResultTypes_2	FAIL	3	CS0246
QueryResultTypes_3	FAIL	11	CS0246
QueryResultTypes_4	FAIL	4	CS0246
QueryResultTypes_5	FAIL	4	CS0246
QueryResultTypes_6	FAIL	6	CS0246,CS0103
RabbitMQConfiguration_1	FAIL	7	CS8635,CS1003,CS1026,CS1002,CS0246
RabbitMQConfiguration_2	FAIL	8	CS8635,CS1003,CS1026,CS1002,CS1513
RabbitMQConfiguration_3	FAIL	4	CS8635,CS1003,CS1026,CS1002
RabbitMQConfiguration_4	FAIL	23	CS1003,CS8635,CS1002,CS1513,CS0246,CS0103
RabbitMQConfiguration_5	FAIL	9	CS0246,CS0103
RabbitMQConfiguration_6	FAIL	17	CS8635,CS1003,CS0103,CS0246
RabbitMQConnectionStability_1	FAIL	4	CS0246
RabbitMQConnectionStability_2	FAIL	4	CS0246
RabbitMQConnectionStability_3	FAIL	3	CS0103,CS0246
RabbitMQMigrateToQuorumQueues_1	FAIL	4	CS0246
ReactorAndProactor_1	FAIL	5	CS0246,CS0103
ReactorAndProactor_10	FAIL	7	CS0246,CS0103
ReactorAndProactor_11	FAIL	2	CS0246
ReactorAndProactor_12	FAIL	3	CS0246,CS0103
ReactorAndProactor_13	FAIL	7	CS0246,CS0103
ReactorAndProactor_14	FAIL	7	CS0246,CS0103
ReactorAndProactor_2	FAIL	14	CS0246,CS0103
ReactorAndProactor_3	FAIL	9	CS0246,CS0103
ReactorAndProactor_4	FAIL	7	CS0246,CS0103
ReactorAndProactor_5	FAIL	14	CS0246,CS0103
ReactorAndProactor_6	FAIL	11	CS0246,CS0103
ReactorAndProactor_7	FAIL	10	CS0246
ReactorAndProactor_8	FAIL	8	CS0246,CS0103
ReactorAndProactor_9	FAIL	8	CS0246,CS0103
RedisConfiguration_1	FAIL	5	CS0103,CS0246
RelationalDatabaseConfigurationReference_1	FAIL	1	CS0103
ReplayOnSeenReference_1	FAIL	5	CS0117,CS0103,CS0246
RequestValidation_1	FAIL	4	CS0246,CS0103
RequestValidation_10	FAIL	4	CS0234,CS0103,CS0246
RequestValidation_11	CLEAN	0	
RequestValidation_12	FAIL	3	CS0103
RequestValidation_13	FAIL	6	CS0246,CS0103
RequestValidation_14	FAIL	2	CS0103,CS0246
RequestValidation_15	FAIL	1	CS0246
RequestValidation_16	FAIL	1	CS0246
RequestValidation_2	CLEAN	0	
RequestValidation_3	FAIL	4	CS0246,CS0103
RequestValidation_4	FAIL	2	CS0234,CS0103
RequestValidation_5	FAIL	5	CS0103,CS0246
RequestValidation_6	FAIL	1	CS0246
RequestValidation_7	FAIL	5	CS0234,CS0103,CS0246
RequestValidation_8	FAIL	2	CS0234,CS0103
RequestValidation_9	FAIL	5	CS0246,CS0103
ReturningResultsFromAHandler_1	FAIL	2	CS0246,CS0103
RocketMQConfiguration_1	FAIL	4	CS0103,CS0246
Routing_1	FAIL	9	CS0246,CS0103
Routing_2	FAIL	6	CS0246,CS1729
Routing_3	FAIL	16	CS0246,CS0103
Routing_4	FAIL	19	CS8635,CS1003,CS1002,CS1513,CS0246,CS0103
RoutingMultipleMessageTypes_1	FAIL	8	CS0246,CS0103
RoutingMultipleMessageTypes_2	FAIL	16	CS0246,CS0103
RoutingMultipleMessageTypes_3	FAIL	5	CS0246,CS0103
RoutingMultipleMessageTypes_4	FAIL	5	CS0246,CS0103
RoutingMultipleMessageTypes_5	FAIL	1	CS0103
RoutingMultipleMessageTypes_6	FAIL	6	CS1525,CS0246,CS0103
RoutingMultipleMessageTypes_7	FAIL	9	CS0246,CS0103
RoutingMultipleMessageTypes_8	FAIL	6	CS0246,CS0103
RoutingMultipleMessageTypes_9	FAIL	6	CS0246,CS0103
S3LuggageStore_1	FAIL	6	CS0234,CS0103,CS0246
S3LuggageStore_2	FAIL	1	CS0103
SchedulingAMessage_1	FAIL	8	CS0246,CS0103,CS0161
SchedulingAMessage_2	FAIL	8	CS0246,CS0103,CS0161
SchedulingAMessage_3	FAIL	4	CS0246
SchedulingAMessage_4	FAIL	7	CS0246,CS0103,CS0161
SchedulingAMessage_5	FAIL	8	CS0246,CS0103,CS0161
SchedulingAMessage_6	FAIL	11	CS0246,CS0103
SchedulingAMessage_7	FAIL	3	CS0103,CS0246
SchedulingAMessage_8	FAIL	3	CS0103,CS0246
SchedulingAMessage_9	FAIL	2	CS0103,CS0246
ShowMeTheCode_1	FAIL	14	CS0246,CS0103
ShowMeTheCode_2	FAIL	12	CS0246,CS0103,CS0117
ShowMeTheCode_3	FAIL	19	CS1022,CS0246,CS0103
ShowMeTheCode_4	FAIL	14	CS0246,CS0103,CS0117
ShowMeTheCode_5	FAIL	12	CS0246,CS0103,CS0117
ShowMeTheCode_6	FAIL	2	CS0103,CS0246
SpannerInbox_1	CLEAN	0	
SpannerInbox_2	CLEAN	0	
SpannerOutbox_1	CLEAN	0	
SpannerOutbox_2	CLEAN	0	
SqliteInbox_1	FAIL	20	CS1002,CS1519,CS1001,CS8635,CS1513,CS1022
SqliteOutbox_1	FAIL	2	CS0103
SqliteOutbox_2	FAIL	3	CS0246,CS0103
SqliteOutbox_3	FAIL	7	CS0116,CS0246,CS1729
SweeperCircuitBreaking_1	FAIL	1	CS0246
SweeperCircuitBreaking_2	FAIL	5	CS0103,CS0246
SweeperCircuitBreaking_3	FAIL	4	CS0246
SweeperCircuitBreaking_4	FAIL	20	CS0116,CS8124,CS1022,CS1031,CS1026,CS0246
SweeperCircuitBreaking_5	FAIL	4	CS0103,CS0246
SweeperCircuitBreaking_6	FAIL	3	CS0103
SweeperCircuitBreaking_7	FAIL	7	CS0103,CS0246
SweeperCircuitBreaking_8	FAIL	2	CS0103
SweeperCircuitBreaking_9	FAIL	2	CS0103
SwitchingSchedulers_1	FAIL	5	CS8635,CS1002,CS1513,CS0103,CS0246
SwitchingSchedulers_2	FAIL	4	CS8635,CS1002,CS1513,CS0103
SwitchingSchedulers_3	FAIL	9	CS8635,CS1002,CS1513,CS0103,CS0246
SwitchingSchedulers_4	FAIL	4	CS8635,CS1002,CS1513,CS0103
SwitchingSchedulers_5	FAIL	8	CS8635,CS1002,CS1513,CS0103,CS0246
SwitchingSchedulers_6	FAIL	7	CS8635,CS1002,CS1513,CS0103,CS0246
SwitchingSchedulers_7	FAIL	4	CS8635,CS1002,CS1513,CS0103
Telemetry_1	FAIL	8	CS0103,CS0117
Telemetry_2	FAIL	2	CS0103,CS0246
Telemetry_3	FAIL	5	CS0246,CS0103
Telemetry_4	FAIL	1	CS0103
Telemetry_5	FAIL	4	CS1513,CS1002,CS0103,CS0246
TestDoubleOptions_1	FAIL	5	CS0246,CS0103
TestDoubleOptions_10	FAIL	3	CS0246
TestDoubleOptions_11	FAIL	5	CS0246,CS0103
TestDoubleOptions_12	FAIL	8	CS0103,CS0246
TestDoubleOptions_2	FAIL	16	CS1002,CS0103,CS0246
TestDoubleOptions_3	FAIL	11	CS0246,CS0103
TestDoubleOptions_4	FAIL	4	CS0246,CS0103
TestDoubleOptions_5	FAIL	5	CS0246,CS0103
TestDoubleOptions_6	FAIL	5	CS0246,CS0103
TestDoubleOptions_7	FAIL	5	CS0246,CS0103
TestDoubleOptions_8	FAIL	8	CS0246,CS0103,CS8130
TestDoubleOptions_9	FAIL	4	CS0246,CS0103
TestingQueryHandlers_1	FAIL	21	CS0246,CS0103
TestingQueryHandlers_2	FAIL	15	CS0234,CS0246,CS0103
TestingQueryHandlers_3	FAIL	14	CS0246,CS0103
TickerQScheduler_1	FAIL	12	CS0103,CS0246,CS1061
TickerQScheduler_2	FAIL	3	CS0103,CS0246
TickerQScheduler_3	FAIL	1	CS0103
TickerQScheduler_4	FAIL	6	CS0246,CS0103,CS0161
TickerQScheduler_5	FAIL	1	CS0103
TickerQScheduler_6	FAIL	1	CS0103
TickerQScheduler_7	FAIL	1	CS0103
TickerQScheduler_8	FAIL	1	CS0103
TransactionalMessagingWithTheOutbox_1	FAIL	24	CS0246,CS0103
TransactionalMessagingWithTheOutbox_2	FAIL	26	CS0246,CS0103
TurningOnReplayOnSeen_1	FAIL	6	CS0246,CS0117,CS1503
TurningOnReplayOnSeen_2	FAIL	14	CS0246,CS0103
TurningOnReplayOnSeen_3	FAIL	2	CS0246
TurningOnReplayOnSeen_4	FAIL	13	CS0246,CS0111,CS0103,CS0117
TurningOnReplayOnSeen_5	FAIL	2	CS0103
TurningOnReplayOnSeen_6	FAIL	16	CS0246,CS0117,CS1503
TutorialDurableOutbox_1	FAIL	110	CS1001,CS1519,CS8124,CS1003,CS1026,CS1002
TutorialDurableOutbox_2	CLEAN	0	
TutorialDurableOutbox_3	FAIL	5	CS0246
TutorialFirstCommand_1	CLEAN	0	
TutorialFirstCommand_2	FAIL	3	CS0246
TutorialFirstCommand_3	FAIL	2	CS0246
TutorialFirstMessage_1	CLEAN	0	
TutorialFirstMessage_2	FAIL	4	CS0246,CS0103
TutorialFirstMessage_3	FAIL	4	CS0246
TutorialFirstMessage_4	FAIL	3	CS0246,CS0103
TutorialStreamingWithKafka_1	FAIL	4	CS0246,CS0103
TutorialStreamingWithKafka_2	FAIL	3	CS0246,CS0103
UsingSweeperCircuitBreaking_1	FAIL	2	CS0103
UsingSweeperCircuitBreaking_2	FAIL	8	CS0103,CS0246
UsingSweeperCircuitBreaking_3	FAIL	1	CS0103
UsingSweeperCircuitBreaking_4	FAIL	13	CS0246,CS0103
UsingSweeperCircuitBreaking_5	FAIL	6	CS0246,CS0103
UsingTheContextBag_1	FAIL	6	CS0246,CS0103
UsingTheContextBag_10	FAIL	9	CS0246,CS0103
UsingTheContextBag_11	FAIL	6	CS0246,CS0103
UsingTheContextBag_12	CLEAN	0	
UsingTheContextBag_13	FAIL	5	CS0103
UsingTheContextBag_14	FAIL	5	CS0103
UsingTheContextBag_15	FAIL	8	CS0246,CS0103
UsingTheContextBag_16	FAIL	4	CS0116,CS1022
UsingTheContextBag_17	FAIL	5	CS0103
UsingTheContextBag_18	FAIL	7	CS0246,CS0103
UsingTheContextBag_2	FAIL	12	CS0246,CS0103
UsingTheContextBag_3	FAIL	6	CS0246,CS0103
UsingTheContextBag_4	FAIL	3	CS0103,CS0246
UsingTheContextBag_5	FAIL	10	CS0246,CS0103
UsingTheContextBag_6	FAIL	7	CS0246,CS0103
UsingTheContextBag_7	FAIL	15	CS0246,CS0103
UsingTheContextBag_8	FAIL	13	CS0246,CS0103
UsingTheContextBag_9	FAIL	13	CS0246,CS0103
V10MigrationGuide_1	FAIL	1	CS0246
V10MigrationGuide_10	FAIL	8	CS0246
V10MigrationGuide_11	FAIL	1	CS0103
V10MigrationGuide_12	FAIL	7	CS0246
V10MigrationGuide_13	FAIL	10	CS0246,CS0103
V10MigrationGuide_14	FAIL	3	CS0246,CS1061
V10MigrationGuide_15	FAIL	3	CS0246,CS0103,CS1729
V10MigrationGuide_16	FAIL	3	CS0246,CS0103,CS1729
V10MigrationGuide_17	FAIL	6	CS1002,CS0246,CS0103
V10MigrationGuide_18	FAIL	10	CS0246,CS0103
V10MigrationGuide_19	FAIL	18	CS0116,CS8124,CS1022,CS0246,CS0103
V10MigrationGuide_2	FAIL	3	CS0246,CS1729
V10MigrationGuide_20	FAIL	18	CS1026,CS1002,CS0116,CS1022,CS8803,CS8937
V10MigrationGuide_21	FAIL	5	CS0246,CS0103
V10MigrationGuide_22	FAIL	5	CS0103
V10MigrationGuide_23	FAIL	7	CS0246,CS0103
V10MigrationGuide_24	FAIL	8	CS0246,CS0103
V10MigrationGuide_25	FAIL	6	CS0246
V10MigrationGuide_26	FAIL	10	CS0246,CS0103,CS0161
V10MigrationGuide_27	FAIL	6	CS0246,CS0103,CS0161
V10MigrationGuide_3	FAIL	11	CS0246,CS0103
V10MigrationGuide_4	FAIL	6	CS8635,CS1003,CS0103,CS0246
V10MigrationGuide_5	FAIL	5	CS8635,CS1003,CS0103
V10MigrationGuide_6	FAIL	5	CS0246
V10MigrationGuide_7	FAIL	6	CS0246,CS0103
V10MigrationGuide_8	FAIL	8	CS0246
V10MigrationGuide_9	FAIL	3	CS0246
